;start;end;n;arima;mean;p;d;q;bp;bd;bq;m7;q;q-m2;mean;;mse;;nout;kurtosis;;;skewness;;;lb2;;;seas-sa-qs;;seas-sa-qs;seas-sa-f;;seas-i-qs;;seas-i-qs;seas-i-f;;td-sa-last;;td-i-last;;lb;;;dh;;;doornikhansen;;
RF0610;2012-01-01;2023-12-01;144;;;0;1;2;0;1;1;0,486101902;0,745505763;0,718407927;;;;;5;3,440712;0,3032;Normal with Mean = 3.0 and Stdev = 0.428025825003853;-0,348451;0,1035;Normal with Mean = 0.0 and Stdev = 0.2140129125019265;18,885787;0,5925;Chi2 with 21.0 degrees of freedom ;0;1;0;0,108514;0,9999;0;1;0;0,094649;0,9999;1,002338;0,4265;0,634631;0,7023;7,956706;0,9953;Chi2 with 21.0 degrees of freedom ;;;;3,41971;0,1809;Chi2 with 2.0 degrees of freedom 
RF0620;2012-01-01;2023-12-01;144;;;0;1;1;0;1;1;1,388175674;1,438374742;1,245364879;;;;;21;3,282821;0,5088;Normal with Mean = 3.0 and Stdev = 0.428025825003853;-0,238099;0,2659;Normal with Mean = 0.0 and Stdev = 0.2140129125019265;47,346948;0,0013;Chi2 with 22.0 degrees of freedom ;0;1;0;0,276122;0,9893;0;1;0;0,30645;0,9835;1,700059;0,1255;1,788415;0,1059;24,556832;0,3187;Chi2 with 22.0 degrees of freedom ;;;;2,011671;0,3657;Chi2 with 2.0 degrees of freedom 
RF0811;2012-01-01;2023-12-01;144;;;0;1;1;0;1;1;0,326026379;0,485264019;0,498036839;;;;;15;4,849221;0;Normal with Mean = 3.0 and Stdev = 0.428025825003853;0,385242;0,0718;Normal with Mean = 0.0 and Stdev = 0.2140129125019265;30,375752;0,1096;Chi2 with 22.0 degrees of freedom ;5,070368;0,0792;5,070368;0,543493;0,8703;3,600091;0,1653;3,600091;0,577011;0,8447;0,243202;0,9613;0,298639;0,9366;28,764838;0,1517;Chi2 with 22.0 degrees of freedom ;;;;15,721707;0,0004;Chi2 with 2.0 degrees of freedom 
RF0812;2012-01-01;2023-12-01;144;;;0;1;1;0;1;1;0,114867479;0,424993571;0,46203928;;;;;4;3,791033;0,0646;Normal with Mean = 3.0 and Stdev = 0.428025825003853;-0,174012;0,4162;Normal with Mean = 0.0 and Stdev = 0.2140129125019265;18,617482;0,6688;Chi2 with 22.0 degrees of freedom ;0;1;0;0,364257;0,9675;0;1;0;0,524854;0,8837;1,162393;0,3301;1,389071;0,2233;19,727144;0,6001;Chi2 with 22.0 degrees of freedom ;;;;5,292361;0,0709;Chi2 with 2.0 degrees of freedom 
RF0893;2012-01-01;2023-12-01;144;;;0;1;1;0;1;1;0,442396203;1,19909649;1,174596968;;;;;1;2,403443;0,1634;Normal with Mean = 3.0 and Stdev = 0.428025825003853;0,055814;0,7943;Normal with Mean = 0.0 and Stdev = 0.2140129125019265;24,02176;0,3461;Chi2 with 22.0 degrees of freedom ;1,209424;0,5462;1,209424;0,343088;0,9742;0,252437;0,8814;0,252437;0,412426;0,9485;0,640045;0,698;0,651069;0,6892;27,778816;0,1831;Chi2 with 22.0 degrees of freedom ;;;;1,72819;0,4214;Chi2 with 2.0 degrees of freedom 
RF0899;2012-01-01;2023-12-01;144;;;0;1;1;0;1;1;0,307122319;0,531615349;0,497760288;;;;;7;2,728573;0,526;Normal with Mean = 3.0 and Stdev = 0.428025825003853;0,018237;0,9321;Normal with Mean = 0.0 and Stdev = 0.2140129125019265;29,685739;0,1263;Chi2 with 22.0 degrees of freedom ;0;1;0;0,64058;0,7912;0;1;0;0,788949;0,6507;0,978533;0,4423;1,062305;0,3883;18,624268;0,6684;Chi2 with 22.0 degrees of freedom ;;;;0,078046;0,9617;Chi2 with 2.0 degrees of freedom 
RF1011;2012-01-01;2023-12-01;144;;;0;1;1;0;1;1;0,453080185;0,918139293;0,972556306;;;;;9;3,907096;0,0341;Normal with Mean = 3.0 and Stdev = 0.428025825003853;0,45607;0,0331;Normal with Mean = 0.0 and Stdev = 0.2140129125019265;19,265103;0,6289;Chi2 with 22.0 degrees of freedom ;0;1;0;0,156495;0,9992;0;1;0;0,154752;0,9992;1,630569;0,1433;1,729937;0,1186;29,424607;0,1331;Chi2 with 22.0 degrees of freedom ;;;;6,416696;0,0404;Chi2 with 2.0 degrees of freedom 
RF1012;2012-01-01;2023-12-01;144;;;1;0;0;0;1;1;0,352600099;0,509328476;0,511370633;;;;;2;2,635872;0,3931;Normal with Mean = 3.0 and Stdev = 0.4264014327112209;0,101003;0,6357;Normal with Mean = 0.0 and Stdev = 0.21320071635561044;39,740081;0,0116;Chi2 with 22.0 degrees of freedom ;0;1;0;0,258413;0,9919;0;1;0;0,335091;0,9764;1,21062;0,3046;1,40049;0,2188;16,411786;0,7949;Chi2 with 22.0 degrees of freedom ;;;;0,621372;0,7329;Chi2 with 2.0 degrees of freedom 
RF1013;2012-01-01;2023-12-01;144;;;0;1;1;0;1;1;0,212246444;0,658309889;0,687417184;;;;;2;2,923191;0,8576;Normal with Mean = 3.0 and Stdev = 0.428025825003853;-0,154994;0,4689;Normal with Mean = 0.0 and Stdev = 0.2140129125019265;21,380286;0,4974;Chi2 with 22.0 degrees of freedom ;0;1;0;0,212376;0,9966;0;1;0;0,336516;0,976;2,157632;0,0508;2,224342;0,0444;18,524535;0,6745;Chi2 with 22.0 degrees of freedom ;;;;0,586205;0,7459;Chi2 with 2.0 degrees of freedom 
RF1020;2012-01-01;2023-12-01;144;;;0;1;1;0;1;1;0,386149576;0,736310705;0,775328595;;;;;4;2,568868;0,3138;Normal with Mean = 3.0 and Stdev = 0.428025825003853;0,043598;0,8386;Normal with Mean = 0.0 and Stdev = 0.2140129125019265;18,600802;0,6698;Chi2 with 22.0 degrees of freedom ;0;1;0;0,652134;0,7809;0;1;0;0,527742;0,8817;1,073738;0,3813;1,12905;0,3488;17,453894;0,7378;Chi2 with 22.0 degrees of freedom ;;;;0,608211;0,7378;Chi2 with 2.0 degrees of freedom 
RF1031;2012-01-01;2023-12-01;144;;;1;0;1;0;1;1;0,30708102;0,903960101;0,895120615;;;;;6;3,702577;0,0994;Normal with Mean = 3.0 and Stdev = 0.4264014327112209;-0,621827;0,0035;Normal with Mean = 0.0 and Stdev = 0.21320071635561044;16,158484;0,7607;Chi2 with 21.0 degrees of freedom ;0;1;0;0,335462;0,9763;0;1;0;0,372635;0,9646;1,262815;0,2787;1,195999;0,3122;20,619363;0,4824;Chi2 with 21.0 degrees of freedom ;;;;8,197564;0,0166;Chi2 with 2.0 degrees of freedom 
RF1032;2012-01-01;2023-12-01;144;;;0;1;1;0;1;1;0,530272175;0,715277602;0,713885968;;;;;2;2,608941;0,3609;Normal with Mean = 3.0 and Stdev = 0.428025825003853;0,031872;0,8816;Normal with Mean = 0.0 and Stdev = 0.2140129125019265;30,320591;0,1109;Chi2 with 22.0 degrees of freedom ;0;1;0;0,192416;0,9978;0;1;0;0,404028;0,9522;0,377149;0,8925;0,32393;0,9235;20,894481;0,5273;Chi2 with 22.0 degrees of freedom ;;;;0,410884;0,8143;Chi2 with 2.0 degrees of freedom 
RF1039;2012-01-01;2023-12-01;144;;;1;0;0;0;1;1;0,17843156;0,658110996;0,734485035;;;;;2;2,995445;0,9915;Normal with Mean = 3.0 and Stdev = 0.4264014327112209;-0,0562;0,7921;Normal with Mean = 0.0 and Stdev = 0.21320071635561044;17,56796;0,7313;Chi2 with 22.0 degrees of freedom ;0;1;0;1,204105;0,2906;0;1;0;1,344453;0,2074;0,745531;0,614;0,778868;0,5879;14,492332;0,8831;Chi2 with 22.0 degrees of freedom ;;;;0,274658;0,8717;Chi2 with 2.0 degrees of freedom 
RF1041;2012-01-01;2023-12-01;144;;;1;0;0;0;1;1;0,51843515;1,373650459;1,203961589;;;;;6;3,565358;0,1849;Normal with Mean = 3.0 and Stdev = 0.4264014327112209;0,700961;0,001;Normal with Mean = 0.0 and Stdev = 0.21320071635561044;36,493327;0,0269;Chi2 with 22.0 degrees of freedom ;1,415769;0,4927;1,415769;0,763022;0,6761;0,066028;0,9675;0,066028;0,638184;0,7933;0,813794;0,561;0,839479;0,5415;12,68191;0,9417;Chi2 with 22.0 degrees of freedom ;;;;11,523511;0,0031;Chi2 with 2.0 degrees of freedom 
RF1042;2012-01-01;2023-12-01;144;;;0;1;1;0;1;1;0,349819705;1,121438362;1,143328178;;;;;7;2,797334;0,6359;Normal with Mean = 3.0 and Stdev = 0.428025825003853;0,060168;0,7786;Normal with Mean = 0.0 and Stdev = 0.2140129125019265;20,052102;0,5798;Chi2 with 22.0 degrees of freedom ;0;1;0;0,791319;0,6483;0;1;0;0,642641;0,7894;1,202393;0,3088;1,362621;0,2341;30,473431;0,1074;Chi2 with 22.0 degrees of freedom ;;;;0,09569;0,9533;Chi2 with 2.0 degrees of freedom 
RF1051;2012-01-01;2023-12-01;144;;;0;1;1;0;1;1;0,131022929;0,379472571;0,408199075;;;;;7;3,119862;0,7795;Normal with Mean = 3.0 and Stdev = 0.428025825003853;-0,007554;0,9718;Normal with Mean = 0.0 and Stdev = 0.2140129125019265;27,294524;0,2003;Chi2 with 22.0 degrees of freedom ;0;1;0;0,155396;0,9992;0;1;0;0,256947;0,9921;0,710277;0,6419;0,803723;0,5687;15,017586;0,8615;Chi2 with 22.0 degrees of freedom ;;;;0,619207;0,7337;Chi2 with 2.0 degrees of freedom 
RF1052;2012-01-01;2023-12-01;144;;;1;0;0;0;1;1;0,169189709;0,709276674;0,768779701;;;;;2;3,271806;0,5238;Normal with Mean = 3.0 and Stdev = 0.4264014327112209;-0,28767;0,1772;Normal with Mean = 0.0 and Stdev = 0.21320071635561044;41,578742;0,007;Chi2 with 22.0 degrees of freedom ;0;1;0;0,236828;0,9944;0;1;0;0,321099;0,9801;1,305957;0,2586;1,569775;0,1606;14,911639;0,866;Chi2 with 22.0 degrees of freedom ;;;;2,334427;0,3112;Chi2 with 2.0 degrees of freedom 
RF1061;2012-01-01;2023-12-01;144;;;0;1;1;0;1;1;0,371152809;0,888505259;0,882902598;;;;;1;3,246714;0,5643;Normal with Mean = 3.0 and Stdev = 0.428025825003853;-0,001937;0,9928;Normal with Mean = 0.0 and Stdev = 0.2140129125019265;21,09021;0,5152;Chi2 with 22.0 degrees of freedom ;0;1;0;0,374317;0,9639;0;1;0;0,44731;0,9314;0,678764;0,667;0,715832;0,6375;16,328188;0,7993;Chi2 with 22.0 degrees of freedom ;;;;1,206433;0,547;Chi2 with 2.0 degrees of freedom 
RF1062;2012-01-01;2023-12-01;144;;;0;1;1;0;1;1;0,433183847;0,586621546;0,575891976;;;;;11;2,970322;0,9447;Normal with Mean = 3.0 and Stdev = 0.428025825003853;0,085543;0,6894;Normal with Mean = 0.0 and Stdev = 0.2140129125019265;24,154322;0,3392;Chi2 with 22.0 degrees of freedom ;0;1;0;0,3635;0,9677;0;1;0;0,359521;0,9691;0,850798;0,533;0,870179;0,5187;28,22643;0,1683;Chi2 with 22.0 degrees of freedom ;;;;0,300403;0,8605;Chi2 with 2.0 degrees of freedom 
RF1071;2012-01-01;2023-12-01;144;;;0;1;1;0;1;1;0,469630108;0,52460358;0,539186895;;;;;9;4,193438;0,0053;Normal with Mean = 3.0 and Stdev = 0.428025825003853;0,218569;0,3071;Normal with Mean = 0.0 and Stdev = 0.2140129125019265;27,518667;0,1922;Chi2 with 22.0 degrees of freedom ;3,492814;0,1744;3,492814;0,887086;0,5548;6,178335;0,0455;6,178335;1,004354;0,4462;0,098328;0,9964;0,070048;0,9986;12,472292;0,9468;Chi2 with 22.0 degrees of freedom ;;;;9,25594;0,0098;Chi2 with 2.0 degrees of freedom 
RF1072;2012-01-01;2023-12-01;144;;;0;1;1;0;1;1;0,495657492;1,368587224;1,299962289;;;;;3;2,663928;0,4324;Normal with Mean = 3.0 and Stdev = 0.428025825003853;-0,154262;0,471;Normal with Mean = 0.0 and Stdev = 0.2140129125019265;24,224215;0,3356;Chi2 with 22.0 degrees of freedom ;0;1;0;0,227803;0,9953;0;1;0;0,379147;0,9622;0,115117;0,9945;0,118711;0,994;19,044081;0,6426;Chi2 with 22.0 degrees of freedom ;;;;0,953647;0,6208;Chi2 with 2.0 degrees of freedom 
RF1073;2012-01-01;2023-12-01;144;;;0;0;2;0;1;1;0,362886459;0,819672818;0,853723773;;;;;3;2,462758;0,2077;Normal with Mean = 3.0 and Stdev = 0.4264014327112209;-0,087864;0,6803;Normal with Mean = 0.0 and Stdev = 0.21320071635561044;14,959879;0,825;Chi2 with 21.0 degrees of freedom ;0;1;0;0,521961;0,8857;0;1;0;0,567188;0,8524;1,124368;0,3514;1,295748;0,2632;17,219967;0,6977;Chi2 with 21.0 degrees of freedom ;;;;1,471784;0,4791;Chi2 with 2.0 degrees of freedom 
RF1081;2012-01-01;2023-12-01;144;;;0;1;1;0;1;1;0,352061254;0,963598343;0,978076997;;;;;0;3,913965;0,0327;Normal with Mean = 3.0 and Stdev = 0.428025825003853;0,386553;0,0709;Normal with Mean = 0.0 and Stdev = 0.2140129125019265;27,389176;0,1968;Chi2 with 22.0 degrees of freedom ;0;1;0;0,488061;0,908;0;1;0;0,59299;0,8318;2,759715;0,0146;3,123751;0,0067;19,811651;0,5948;Chi2 with 22.0 degrees of freedom ;;;;6,274565;0,0434;Chi2 with 2.0 degrees of freedom 
RF1082;2012-01-01;2023-12-01;144;;;0;1;1;0;1;1;0,276732334;0,820915562;0,869891086;;;;;7;3,265503;0,5351;Normal with Mean = 3.0 and Stdev = 0.428025825003853;-0,401413;0,0607;Normal with Mean = 0.0 and Stdev = 0.2140129125019265;17,572631;0,731;Chi2 with 22.0 degrees of freedom ;0;1;0;0,189059;0,998;0;1;0;0,430081;0,9402;0,974889;0,4447;0,99275;0,4328;14,114268;0,8974;Chi2 with 22.0 degrees of freedom ;;;;3,655514;0,1608;Chi2 with 2.0 degrees of freedom 
RF1083;2012-01-01;2023-12-01;144;;;0;1;1;1;0;0;0,937845758;0,775498651;0,849560917;;;;;2;5,388663;0;Normal with Mean = 3.0 and Stdev = 0.40967324519935133;-0,404024;0,0486;Normal with Mean = 0.0 and Stdev = 0.20483662259967567;10,296742;0,9834;Chi2 with 22.0 degrees of freedom ;8,498328;0,0143;8,498328;0,210908;0,9967;3,241484;0,1978;3,241484;0,293047;0,9863;0,169157;0,9846;0,231529;0,9657;16,175202;0,8071;Chi2 with 22.0 degrees of freedom ;;;;23,861669;0;Chi2 with 2.0 degrees of freedom 
RF1085;2012-01-01;2023-12-01;144;;;1;0;0;0;1;1;0,212445999;0,683880759;0,736857472;;;;;3;3,850921;0,046;Normal with Mean = 3.0 and Stdev = 0.4264014327112209;-0,01536;0,9426;Normal with Mean = 0.0 and Stdev = 0.21320071635561044;20,741295;0,5368;Chi2 with 22.0 degrees of freedom ;0;1;0;0,559423;0,8584;0;1;0;0,529371;0,8805;0,588572;0,739;0,61179;0,7206;8,080357;0,9969;Chi2 with 22.0 degrees of freedom ;;;;5,982615;0,0502;Chi2 with 2.0 degrees of freedom 
RF1086;2012-01-01;2023-12-01;144;;;1;0;1;0;1;1;0,5592011;0,724508006;0,730823067;;;;;1;3,006135;0,9885;Normal with Mean = 3.0 and Stdev = 0.4264014327112209;0,091167;0,6689;Normal with Mean = 0.0 and Stdev = 0.21320071635561044;29,233142;0,1085;Chi2 with 21.0 degrees of freedom ;0;1;0;0,377915;0,9626;0;1;0;0,393751;0,9565;1,00346;0,4257;1,094793;0,3687;11,636651;0,9489;Chi2 with 21.0 degrees of freedom ;;;;0,393265;0,8215;Chi2 with 2.0 degrees of freedom 
RF1089;2012-01-01;2023-12-01;144;;;1;0;0;0;1;1;0,699254761;0,810589696;0,876462626;;;;;2;2,969078;0,9422;Normal with Mean = 3.0 and Stdev = 0.4264014327112209;-0,006135;0,977;Normal with Mean = 0.0 and Stdev = 0.21320071635561044;18,043198;0,7034;Chi2 with 22.0 degrees of freedom ;0;1;0;0,302901;0,9843;0;1;0;0,37726;0,9629;0,804053;0,5684;0,461512;0,8358;19,992577;0,5835;Chi2 with 22.0 degrees of freedom ;;;;0,158306;0,9239;Chi2 with 2.0 degrees of freedom 
RF1091;2012-01-01;2023-12-01;144;;;0;1;1;0;1;1;0,22146089;0,560602029;0,575279169;;;;;4;2,927011;0,8646;Normal with Mean = 3.0 and Stdev = 0.428025825003853;-0,242277;0,2576;Normal with Mean = 0.0 and Stdev = 0.2140129125019265;29,393655;0,134;Chi2 with 22.0 degrees of freedom ;0;1;0;0,241739;0,9939;0;1;0;0,270558;0,9901;1,510095;0,1793;1,773504;0,109;22,446865;0,4335;Chi2 with 22.0 degrees of freedom ;;;;1,393544;0,4982;Chi2 with 2.0 degrees of freedom 
RF1092;2012-01-01;2023-12-01;144;;;0;1;1;0;1;1;0,365174971;0,593704506;0,614811951;;;;;3;2,959338;0,9243;Normal with Mean = 3.0 and Stdev = 0.428025825003853;0,131608;0,5386;Normal with Mean = 0.0 and Stdev = 0.2140129125019265;24,243539;0,3346;Chi2 with 22.0 degrees of freedom ;0;1;0;0,108694;0,9999;0;1;0;0,110206;0,9998;0,592077;0,7362;0,604449;0,7264;18,211501;0,6934;Chi2 with 22.0 degrees of freedom ;;;;0,480168;0,7866;Chi2 with 2.0 degrees of freedom 
RF1101;2012-01-01;2023-12-01;144;;;0;1;1;0;1;1;0,295451417;0,798540505;0,755863542;;;;;3;2,918681;0,8493;Normal with Mean = 3.0 and Stdev = 0.428025825003853;-0,365703;0,0875;Normal with Mean = 0.0 and Stdev = 0.2140129125019265;25,551917;0,2714;Chi2 with 22.0 degrees of freedom ;0;1;0;0,476393;0,9151;0;1;0;0,363228;0,9678;0,969039;0,4487;1,070445;0,3833;30,269795;0,1121;Chi2 with 22.0 degrees of freedom ;;;;3,477616;0,1757;Chi2 with 2.0 degrees of freedom 
RF1102;2012-01-01;2023-12-01;144;;;2;0;0;0;1;1;0,183415724;0,507180657;0,573406718;;;;;6;3,220633;0,6049;Normal with Mean = 3.0 and Stdev = 0.4264014327112209;-0,104654;0,6235;Normal with Mean = 0.0 and Stdev = 0.21320071635561044;11,581747;0,9502;Chi2 with 21.0 degrees of freedom ;0;1;0;0,327415;0,9785;0;1;0;0,238026;0,9943;1,313163;0,2554;1,512425;0,1786;21,20479;0,4465;Chi2 with 21.0 degrees of freedom ;;;;1,194439;0,5503;Chi2 with 2.0 degrees of freedom 
RF1105;2012-01-01;2023-12-01;144;;;0;1;1;1;1;1;0,161019597;0,762780578;0,834949217;;;;;4;3,002333;0,9957;Normal with Mean = 3.0 and Stdev = 0.428025825003853;0,333051;0,1197;Normal with Mean = 0.0 and Stdev = 0.2140129125019265;11,840474;0,9438;Chi2 with 21.0 degrees of freedom ;0;1;0;0,233436;0,9948;0;1;0;0,346668;0,9731;0,670686;0,6735;0,779182;0,5876;7,030343;0,9981;Chi2 with 21.0 degrees of freedom ;;;;2,623939;0,2693;Chi2 with 2.0 degrees of freedom 
RF1106;2012-01-01;2023-12-01;144;;;1;0;1;0;1;1;0,425837437;1,399306057;1,176424622;;;;;6;3,492029;0,2485;Normal with Mean = 3.0 and Stdev = 0.4264014327112209;-0,139538;0,5128;Normal with Mean = 0.0 and Stdev = 0.21320071635561044;23,755772;0,305;Chi2 with 21.0 degrees of freedom ;0;1;0;0,339424;0,9752;0;1;0;0,338093;0,9756;1,14396;0,3403;1,232594;0,2934;13,793204;0,8783;Chi2 with 21.0 degrees of freedom ;;;;2,873986;0,2376;Chi2 with 2.0 degrees of freedom 
RF1107;2012-01-01;2023-12-01;144;;;1;0;0;0;1;1;0,170565048;0,595537632;0,645610385;;;;;10;3,510742;0,231;Normal with Mean = 3.0 and Stdev = 0.4264014327112209;0,045644;0,8305;Normal with Mean = 0.0 and Stdev = 0.21320071635561044;20,594341;0,5459;Chi2 with 22.0 degrees of freedom ;0;1;0;0,983869;0,4644;0;1;0;0,953225;0,4923;0,136554;0,9913;0,096637;0,9966;23,705813;0,3628;Chi2 with 22.0 degrees of freedom ;;;;2,943997;0,2295;Chi2 with 2.0 degrees of freedom 
RF1200;2012-01-01;2023-12-01;144;;;2;0;1;0;1;1;2,031344085;2,028224559;1,892914054;;;;;29;4,342006;0,0016;Normal with Mean = 3.0 and Stdev = 0.4264014327112209;-0,244938;0,2506;Normal with Mean = 0.0 and Stdev = 0.21320071635561044;130,409561;0;Chi2 with 20.0 degrees of freedom ;2,264172;0,3224;2,264172;0,47476;0,916;0;1;0;0,469818;0,9189;0,317342;0,927;0,310309;0,9307;58,424085;0;Chi2 with 20.0 degrees of freedom ;;;;10,861204;0,0044;Chi2 with 2.0 degrees of freedom 
RF1310;2012-01-01;2023-12-01;144;;;0;1;1;0;1;1;0,330255664;0,547026154;0,569040647;;;;;5;3,70599;0,0991;Normal with Mean = 3.0 and Stdev = 0.428025825003853;0,138768;0,5167;Normal with Mean = 0.0 and Stdev = 0.2140129125019265;18,44724;0,6792;Chi2 with 22.0 degrees of freedom ;0;1;0;0,314881;0,9816;0;1;0;0,32423;0,9793;0,501692;0,8062;0,638125;0,6995;33,703039;0,0526;Chi2 with 22.0 degrees of freedom ;;;;4,552413;0,1027;Chi2 with 2.0 degrees of freedom 
RF1320;2012-01-01;2023-12-01;144;;;0;1;1;0;1;1;0,130222951;0,497580134;0,540965138;;;;;4;2,916443;0,8452;Normal with Mean = 3.0 and Stdev = 0.428025825003853;0,17606;0,4107;Normal with Mean = 0.0 and Stdev = 0.2140129125019265;28,724815;0,1529;Chi2 with 22.0 degrees of freedom ;0;1;0;0,602715;0,8238;0;1;0;0,516302;0,8896;0,257015;0,9557;0,240243;0,9624;27,108665;0,2071;Chi2 with 22.0 degrees of freedom ;;;;0,73985;0,6908;Chi2 with 2.0 degrees of freedom 
RF1330;2012-01-01;2023-12-01;144;;;0;1;1;0;1;1;0,12784419;0,259029333;0,283114887;;;;;3;3,572831;0,1808;Normal with Mean = 3.0 and Stdev = 0.428025825003853;0,346783;0,1052;Normal with Mean = 0.0 and Stdev = 0.2140129125019265;37,884816;0,0189;Chi2 with 22.0 degrees of freedom ;0;1;0;0,13155;0,9996;0,028187;0,986;0,028187;0,255391;0,9923;0,150972;0,9886;0,164658;0,9857;27,193685;0,204;Chi2 with 22.0 degrees of freedom ;;;;4,001828;0,1352;Chi2 with 2.0 degrees of freedom 
RF1391;2012-01-01;2023-12-01;144;;;0;1;1;0;1;1;0,272553062;0,781008846;0,802654504;;;;;3;4,795547;0;Normal with Mean = 3.0 and Stdev = 0.428025825003853;-0,602504;0,0049;Normal with Mean = 0.0 and Stdev = 0.2140129125019265;11,673888;0,9638;Chi2 with 22.0 degrees of freedom ;0;1;0;0,576656;0,845;0;1;0;0,664453;0,7697;1,742559;0,1157;1,770204;0,1097;22,383605;0,4372;Chi2 with 22.0 degrees of freedom ;;;;12,86939;0,0016;Chi2 with 2.0 degrees of freedom 
RF1392;2012-01-01;2023-12-01;144;;;0;0;1;0;1;1;0,720960589;1,327438892;1,260141117;;;;;11;4,037822;0,0149;Normal with Mean = 3.0 and Stdev = 0.4264014327112209;0,22013;0,3018;Normal with Mean = 0.0 and Stdev = 0.21320071635561044;45,94701;0,002;Chi2 with 22.0 degrees of freedom ;0,918742;0,6317;0,918742;0,184267;0,9982;0,986386;0,6107;0,986386;0,193104;0,9978;0,59899;0,7307;0,761934;0,6011;28,113469;0,172;Chi2 with 22.0 degrees of freedom ;;;;7,625416;0,0221;Chi2 with 2.0 degrees of freedom 
RF1393;2012-01-01;2023-12-01;144;;;0;1;1;0;1;1;0,319483191;0,809162866;0,807571542;;;;;8;3,149663;0,7266;Normal with Mean = 3.0 and Stdev = 0.428025825003853;0,1797;0,4011;Normal with Mean = 0.0 and Stdev = 0.2140129125019265;21,386564;0,497;Chi2 with 22.0 degrees of freedom ;0;1;0;0,43724;0,9366;0;1;0;0,392655;0,9569;0,79416;0,576;0,793946;0,5762;22,181096;0,4491;Chi2 with 22.0 degrees of freedom ;;;;1,190367;0,5515;Chi2 with 2.0 degrees of freedom 
RF1395;2012-01-01;2023-12-01;144;;;0;1;1;0;1;1;0,263308576;0,465877139;0,483502943;;;;;4;2,66988;0,4406;Normal with Mean = 3.0 and Stdev = 0.428025825003853;-0,124011;0,5623;Normal with Mean = 0.0 and Stdev = 0.2140129125019265;31,588147;0,0847;Chi2 with 22.0 degrees of freedom ;0;1;0;0,375707;0,9634;0;1;0;0,251488;0,9928;0,422051;0,8633;0,430645;0,8575;13,873506;0,9059;Chi2 with 22.0 degrees of freedom ;;;;0,663128;0,7178;Chi2 with 2.0 degrees of freedom 
RF1396;2012-01-01;2023-12-01;144;;;0;1;1;0;1;1;0,144185284;0,525062656;0,554557114;;;;;8;2,729852;0,5279;Normal with Mean = 3.0 and Stdev = 0.428025825003853;0,176383;0,4098;Normal with Mean = 0.0 and Stdev = 0.2140129125019265;29,617289;0,1281;Chi2 with 22.0 degrees of freedom ;0;1;0;0,60999;0,8177;0;1;0;0,556202;0,8609;2,730698;0,0155;3,055105;0,0078;22,5016;0,4303;Chi2 with 22.0 degrees of freedom ;;;;0,969352;0,6159;Chi2 with 2.0 degrees of freedom 
RF1399;2012-01-01;2023-12-01;144;;;0;1;1;0;1;0;0,202105249;0,421109192;0,457164668;;;;;13;7,440835;0;Normal with Mean = 3.0 and Stdev = 0.428025825003853;0,93452;0;Normal with Mean = 0.0 and Stdev = 0.2140129125019265;7,418537;0,9991;Chi2 with 23.0 degrees of freedom ;2,864;0,2388;2,864;0,368019;0,9662;8,418614;0,0149;8,418614;0,865436;0,5758;1,466835;0,1941;1,613917;0,1478;23,317372;0,4424;Chi2 with 23.0 degrees of freedom ;;;;33,667797;0;Chi2 with 2.0 degrees of freedom 
RF1412;2012-01-01;2023-12-01;144;;;0;1;1;0;1;1;0,668020155;1,139748413;0,931752202;;;;;6;5,452187;0;Normal with Mean = 3.0 and Stdev = 0.428025825003853;0,202909;0,3431;Normal with Mean = 0.0 and Stdev = 0.2140129125019265;38,188403;0,0174;Chi2 with 22.0 degrees of freedom ;0,102891;0,9499;0,102891;0,229386;0,9952;0,106186;0,9483;0,106186;0,330996;0,9776;0,799465;0,5719;0,914682;0,4865;25,945827;0,254;Chi2 with 22.0 degrees of freedom ;;;;26,549508;0;Chi2 with 2.0 degrees of freedom 
RF1413;2012-01-01;2023-12-01;144;;;0;1;1;0;1;1;0,499018698;0,722287248;0,714876544;;;;;3;3,747809;0,0806;Normal with Mean = 3.0 and Stdev = 0.428025825003853;-0,265765;0,2143;Normal with Mean = 0.0 and Stdev = 0.2140129125019265;28,723173;0,1529;Chi2 with 22.0 degrees of freedom ;0;1;0;0,390716;0,9577;0,072645;0,9643;0,072645;0,566694;0,8528;1,118522;0,3548;1,302993;0,26;28,765951;0,1517;Chi2 with 22.0 degrees of freedom ;;;;4,91349;0,0857;Chi2 with 2.0 degrees of freedom 
RF1414;2012-01-01;2023-12-01;144;;;0;1;1;1;0;0;1,001526061;1,304349973;1,09477525;;;;;6;2,820551;0,6614;Normal with Mean = 3.0 and Stdev = 0.40967324519935133;-0,135117;0,5095;Normal with Mean = 0.0 and Stdev = 0.20483662259967567;29,950937;0,1197;Chi2 with 22.0 degrees of freedom ;4,007473;0,1348;4,007473;1,474609;0,1485;5,362266;0,0685;5,362266;1,527109;0,1291;1,760541;0,1118;1,962628;0,0752;16,368332;0,7972;Chi2 with 22.0 degrees of freedom ;;;;0,50279;0,7777;Chi2 with 2.0 degrees of freedom 
RF1419;2012-01-01;2023-12-01;144;;;0;1;1;1;1;0;0,387235768;0,85708033;0,59222509;;;;;8;2,589007;0,337;Normal with Mean = 3.0 and Stdev = 0.428025825003853;0,080631;0,7064;Normal with Mean = 0.0 and Stdev = 0.2140129125019265;10,235327;0,984;Chi2 with 22.0 degrees of freedom ;0;1;0;0,352436;0,9713;0;1;0;0,376817;0,963;0,964929;0,4515;0,980435;0,441;31,825514;0,0804;Chi2 with 22.0 degrees of freedom ;;;;0,677516;0,7127;Chi2 with 2.0 degrees of freedom 
RF1431;2012-01-01;2023-12-01;144;;;0;0;2;1;1;0;0,400759998;0,978697455;1,019473061;;;;;5;3,903505;0,0341;Normal with Mean = 3.0 and Stdev = 0.4264014327112209;-0,221;0,2999;Normal with Mean = 0.0 and Stdev = 0.21320071635561044;51,644513;0,0002;Chi2 with 21.0 degrees of freedom ;0;1;0;0,281205;0,9884;0;1;0;0,46775;0,9201;0,982543;0,4396;1,170306;0,3258;20,633686;0,4815;Chi2 with 21.0 degrees of freedom ;;;;6,302486;0,0428;Chi2 with 2.0 degrees of freedom 
RF1439;2012-01-01;2023-12-01;144;;;0;1;1;0;1;1;0,440087202;1,111968413;0,878616194;;;;;10;3,05692;0,8942;Normal with Mean = 3.0 and Stdev = 0.428025825003853;0,285005;0,183;Normal with Mean = 0.0 and Stdev = 0.2140129125019265;17,434263;0,739;Chi2 with 22.0 degrees of freedom ;0,021387;0,9894;0,021387;0,823099;0,6171;0,00889;0,9956;0,00889;0,724824;0,7131;1,206138;0,3069;1,303578;0,2597;19,931183;0,5873;Chi2 with 22.0 degrees of freedom ;;;;1,901495;0,3865;Chi2 with 2.0 degrees of freedom 
RF1511;2012-01-01;2023-12-01;144;;;0;1;1;0;1;1;0,208594384;0,798385927;0,832902718;;;;;3;2,680492;0,4554;Normal with Mean = 3.0 and Stdev = 0.428025825003853;0,080538;0,7067;Normal with Mean = 0.0 and Stdev = 0.2140129125019265;18,452267;0,6789;Chi2 with 22.0 degrees of freedom ;0;1;0;0,349537;0,9722;0;1;0;0,307841;0,9832;2,882944;0,0112;2,839334;0,0123;33,045639;0,0612;Chi2 with 22.0 degrees of freedom ;;;;0,356664;0,8367;Chi2 with 2.0 degrees of freedom 
RF1512;2012-01-01;2023-12-01;144;;;0;1;1;0;1;1;0,387003131;0,801492034;0,770333978;;;;;4;3,025513;0,9525;Normal with Mean = 3.0 and Stdev = 0.428025825003853;0,564986;0,0083;Normal with Mean = 0.0 and Stdev = 0.2140129125019265;22,31306;0,4413;Chi2 with 22.0 degrees of freedom ;0;1;0;0,246648;0,9934;0;1;0;0,314433;0,9817;0,310201;0,9308;0,357372;0,9045;32,380472;0,0711;Chi2 with 22.0 degrees of freedom ;;;;9,429957;0,009;Chi2 with 2.0 degrees of freedom 
RF1520;2012-01-01;2023-12-01;144;;;2;0;1;1;1;0;0,362716617;0,668997134;0,692016019;;;;;2;2,464751;0,2094;Normal with Mean = 3.0 and Stdev = 0.4264014327112209;-0,172154;0,4194;Normal with Mean = 0.0 and Stdev = 0.21320071635561044;30,131165;0,0678;Chi2 with 20.0 degrees of freedom ;0;1;0;0,561631;0,8567;0;1;0;0,500175;0,9003;0,640584;0,6976;0,774151;0,5915;17,430937;0,6248;Chi2 with 20.0 degrees of freedom ;;;;2,3818;0,3039;Chi2 with 2.0 degrees of freedom 
RF1621;2012-01-01;2023-12-01;144;;;1;0;1;0;1;1;0,113851305;0,641006126;0,709577924;;;;;9;3,844644;0,0476;Normal with Mean = 3.0 and Stdev = 0.4264014327112209;-0,265037;0,2138;Normal with Mean = 0.0 and Stdev = 0.21320071635561044;21,671469;0,4186;Chi2 with 21.0 degrees of freedom ;0;1;0;0,122667;0,9997;0;1;0;0,109315;0,9999;1,158811;0,3321;1,17939;0,3209;21,828903;0,4094;Chi2 with 21.0 degrees of freedom ;;;;5,727009;0,0571;Chi2 with 2.0 degrees of freedom 
RF1623;2012-01-01;2023-12-01;144;;;0;1;1;0;1;1;0,137318578;0,30786319;0,335595634;;;;;3;5,162052;0;Normal with Mean = 3.0 and Stdev = 0.428025825003853;0,609862;0,0044;Normal with Mean = 0.0 and Stdev = 0.2140129125019265;14,244158;0,8926;Chi2 with 22.0 degrees of freedom ;15,749941;0,0004;15,749941;0,588223;0,8357;12,321617;0,0021;12,321617;0,575756;0,8457;0,708019;0,6437;0,841535;0,54;24,827063;0,3054;Chi2 with 22.0 degrees of freedom ;;;;16,290031;0,0003;Chi2 with 2.0 degrees of freedom 
RF1624;2012-01-01;2023-12-01;144;;;0;1;1;0;1;1;0,180129492;0,366557028;0,394321293;;;;;3;3,890083;0,0376;Normal with Mean = 3.0 and Stdev = 0.428025825003853;-0,51479;0,0162;Normal with Mean = 0.0 and Stdev = 0.2140129125019265;24,558327;0,3187;Chi2 with 22.0 degrees of freedom ;0;1;0;0,650633;0,7822;0;1;0;0,385318;0,9598;2,038878;0,0646;2,231494;0,0437;18,19533;0,6943;Chi2 with 22.0 degrees of freedom ;;;;6,707398;0,035;Chi2 with 2.0 degrees of freedom 
RF1629;2012-01-01;2023-12-01;144;;;1;0;0;1;1;0;0,315239851;0,499350861;0,54121784;;;;;6;3,405603;0,3415;Normal with Mean = 3.0 and Stdev = 0.4264014327112209;-0,58476;0,0061;Normal with Mean = 0.0 and Stdev = 0.21320071635561044;27,498176;0,1929;Chi2 with 22.0 degrees of freedom ;4,257679;0,119;4,257679;1,306292;0,2279;0;1;0;1,194701;0,2969;1,391864;0,2222;1,083469;0,3755;13,530692;0,9173;Chi2 with 22.0 degrees of freedom ;;;;7,797764;0,0203;Chi2 with 2.0 degrees of freedom 
RF1711;2012-01-01;2023-12-01;144;;;0;1;1;0;1;1;0,971402813;1,490005049;1,437881901;;;;;4;3,587853;0,1696;Normal with Mean = 3.0 and Stdev = 0.428025825003853;0,051374;0,8103;Normal with Mean = 0.0 and Stdev = 0.2140129125019265;14,890439;0,8669;Chi2 with 22.0 degrees of freedom ;0;1;0;0,321908;0,9799;0;1;0;0,219211;0,996;0,10839;0,9953;0,107666;0,9954;21,394859;0,4965;Chi2 with 22.0 degrees of freedom ;;;;3,548397;0,1696;Chi2 with 2.0 degrees of freedom 
RF1712;2012-01-01;2023-12-01;144;;;0;1;1;0;1;1;0,313956853;0,481224614;0,461585575;;;;;4;2,993206;0,9873;Normal with Mean = 3.0 and Stdev = 0.428025825003853;0,023842;0,9113;Normal with Mean = 0.0 and Stdev = 0.2140129125019265;12,541676;0,9452;Chi2 with 22.0 degrees of freedom ;0;1;0;0,331907;0,9773;0;1;0;0,573741;0,8473;0,264855;0,9524;0,266971;0,9514;31,45306;0,0872;Chi2 with 22.0 degrees of freedom ;;;;0,223854;0,8941;Chi2 with 2.0 degrees of freedom 
RF1721;2012-01-01;2023-12-01;144;;;0;1;1;0;1;1;0,137031033;0,27076011;0,297636079;;;;;4;3,185471;0,6648;Normal with Mean = 3.0 and Stdev = 0.428025825003853;-0,322205;0,1322;Normal with Mean = 0.0 and Stdev = 0.2140129125019265;15,420741;0,8436;Chi2 with 22.0 degrees of freedom ;0;1;0;0,598481;0,8273;0;1;0;0,869937;0,5714;0,614838;0,7181;0,695043;0,654;18,76501;0,6598;Chi2 with 22.0 degrees of freedom ;;;;2,474367;0,2902;Chi2 with 2.0 degrees of freedom 
RF1722;2012-01-01;2023-12-01;144;;;2;0;0;0;1;1;0,553623333;1,341964331;1,277062024;;;;;4;2,844417;0,7152;Normal with Mean = 3.0 and Stdev = 0.4264014327112209;0,014202;0,9469;Normal with Mean = 0.0 and Stdev = 0.21320071635561044;17,43466;0,6844;Chi2 with 21.0 degrees of freedom ;0;1;0;0,100969;0,9999;0;1;0;0,228845;0,9952;1,460275;0,1964;1,570886;0,1602;19,338161;0,5635;Chi2 with 21.0 degrees of freedom ;;;;0,008377;0,9958;Chi2 with 2.0 degrees of freedom 
RF1723;2012-01-01;2023-12-01;144;;;1;0;0;1;1;0;1,188702785;0,787712184;0,880488066;;;;;5;2,997329;0,995;Normal with Mean = 3.0 and Stdev = 0.4264014327112209;-0,239709;0,2609;Normal with Mean = 0.0 and Stdev = 0.21320071635561044;21,571042;0,4857;Chi2 with 22.0 degrees of freedom ;1,104911;0,5755;1,104911;1,125462;0,3467;2,342768;0,3099;2,342768;0,956429;0,4894;3,093295;0,0072;3,446237;0,0034;17,17386;0,7537;Chi2 with 22.0 degrees of freedom ;;;;1,368969;0,5044;Chi2 with 2.0 degrees of freedom 
RF1724;2012-01-01;2023-12-01;144;;;0;1;1;1;1;1;0,360392085;0,573965414;0,604987771;;;;;2;3,77707;0,0695;Normal with Mean = 3.0 and Stdev = 0.428025825003853;0,016872;0,9372;Normal with Mean = 0.0 and Stdev = 0.2140129125019265;7,685596;0,9963;Chi2 with 21.0 degrees of freedom ;0;1;0;0,280384;0,9886;0;1;0;0,322149;0,9798;1,455053;0,1983;1,664019;0,1345;21,520128;0,4276;Chi2 with 21.0 degrees of freedom ;;;;5,236557;0,0729;Chi2 with 2.0 degrees of freedom 
RF1729;2012-01-01;2023-12-01;144;;;0;1;1;0;1;1;0,183039009;0,393609542;0,422105785;;;;;7;2,984215;0,9706;Normal with Mean = 3.0 and Stdev = 0.428025825003853;0,027374;0,8982;Normal with Mean = 0.0 and Stdev = 0.2140129125019265;14,408592;0,8863;Chi2 with 22.0 degrees of freedom ;0;1;0;0,208493;0,9968;0;1;0;0,195378;0,9976;0,483483;0,8198;0,587371;0,74;19,195498;0,6332;Chi2 with 22.0 degrees of freedom ;;;;0,206133;0,9021;Chi2 with 2.0 degrees of freedom 
RF1812;2012-01-01;2023-12-01;144;;;0;1;1;0;1;1;0,238314737;0,462997028;0,455776211;;;;;12;3,276491;0,5183;Normal with Mean = 3.0 and Stdev = 0.428025825003853;-0,181514;0,3964;Normal with Mean = 0.0 and Stdev = 0.2140129125019265;35,621768;0,0333;Chi2 with 22.0 degrees of freedom ;0;1;0;0,259022;0,9918;0;1;0;0,338928;0,9754;0,549055;0,77;0,605967;0,7252;21,454436;0,4928;Chi2 with 22.0 degrees of freedom ;;;;1,70345;0,4267;Chi2 with 2.0 degrees of freedom 
RF1813;2012-01-01;2023-12-01;144;;;1;0;1;0;1;1;0,46197119;0,714437865;0,685872885;;;;;5;3,684399;0,1085;Normal with Mean = 3.0 and Stdev = 0.4264014327112209;-0,051904;0,8077;Normal with Mean = 0.0 and Stdev = 0.21320071635561044;13,367872;0,8952;Chi2 with 21.0 degrees of freedom ;0;1;0;0,633763;0,7972;0;1;0;0,80829;0,6317;0,475399;0,8257;0,49502;0,8112;20,200907;0,5086;Chi2 with 21.0 degrees of freedom ;;;;4,388329;0,1115;Chi2 with 2.0 degrees of freedom 
RF1920;2012-01-01;2023-12-01;144;;;3;1;1;0;1;1;0,68203814;0,923675474;0,929798758;;;;;14;3,727499;0,0892;Normal with Mean = 3.0 and Stdev = 0.428025825003853;-0,199569;0,3511;Normal with Mean = 0.0 and Stdev = 0.2140129125019265;18,3808;0,4972;Chi2 with 19.0 degrees of freedom ;0;1;0;0,561906;0,8565;0;1;0;0,524797;0,8837;0,894826;0,5007;0,793128;0,5768;36,53018;0,0091;Chi2 with 19.0 degrees of freedom ;;;;4,730438;0,0939;Chi2 with 2.0 degrees of freedom 
RF2011;2012-01-01;2023-12-01;144;;;1;0;0;0;1;1;0,65976117;0,99913532;0,879681873;;;;;5;3,237386;0,5777;Normal with Mean = 3.0 and Stdev = 0.4264014327112209;0,013756;0,9486;Normal with Mean = 0.0 and Stdev = 0.21320071635561044;25,787195;0,2609;Chi2 with 22.0 degrees of freedom ;0;1;0;0,307377;0,9833;0;1;0;0,365845;0,9669;0,392319;0,883;0,422741;0,8629;22,130296;0,4521;Chi2 with 22.0 degrees of freedom ;;;;1,159608;0,56;Chi2 with 2.0 degrees of freedom 
RF2012;2012-01-01;2023-12-01;144;;;0;1;1;0;1;1;0,479253729;1,102738113;1,037338067;;;;;5;3,645722;0,1314;Normal with Mean = 3.0 and Stdev = 0.428025825003853;-0,216124;0,3126;Normal with Mean = 0.0 and Stdev = 0.2140129125019265;15,547107;0,8377;Chi2 with 22.0 degrees of freedom ;0;1;0;0,586239;0,8373;0;1;0;0,520067;0,887;1,199736;0,3102;1,158511;0,3323;21,774645;0,4734;Chi2 with 22.0 degrees of freedom ;;;;4,084534;0,1297;Chi2 with 2.0 degrees of freedom 
RF2013;2012-01-01;2023-12-01;144;;;0;1;2;0;1;1;1,004728264;0,844591702;0,855682944;;;;;0;3,370511;0,3867;Normal with Mean = 3.0 and Stdev = 0.428025825003853;0,157451;0,4619;Normal with Mean = 0.0 and Stdev = 0.2140129125019265;25,127165;0,2417;Chi2 with 21.0 degrees of freedom ;0;1;0;0,122336;0,9997;0;1;0;0,16907;0,9988;1,134595;0,3456;1,304129;0,2594;26,675266;0,1819;Chi2 with 21.0 degrees of freedom ;;;;2,117984;0,3468;Chi2 with 2.0 degrees of freedom 
RF2014;2012-01-01;2023-12-01;144;;;0;0;1;0;1;1;0,741025619;1,570101506;1,393372479;;;;;11;2,993473;0,9878;Normal with Mean = 3.0 and Stdev = 0.4264014327112209;-0,08433;0,6924;Normal with Mean = 0.0 and Stdev = 0.21320071635561044;15,514133;0,8392;Chi2 with 22.0 degrees of freedom ;0;1;0;0,08835;0,9999;0;1;0;0,083941;1;0,093335;0,9969;0,095657;0,9967;26,294576;0,2392;Chi2 with 22.0 degrees of freedom ;;;;0,342902;0,8424;Chi2 with 2.0 degrees of freedom 
RF2015;2012-01-01;2023-12-01;144;;;2;1;1;0;1;1;0,48000355;0,602769636;0,574735262;;;;;1;2,602311;0,3528;Normal with Mean = 3.0 and Stdev = 0.428025825003853;0,289689;0,1759;Normal with Mean = 0.0 and Stdev = 0.2140129125019265;27,60264;0,1191;Chi2 with 20.0 degrees of freedom ;0;1;0;0,49624;0,9028;0;1;0;0,483631;0,9107;0,928619;0,4766;0,926746;0,4779;41,88321;0,0029;Chi2 with 20.0 degrees of freedom ;;;;3,509724;0,1729;Chi2 with 2.0 degrees of freedom 
RF2016;2012-01-01;2023-12-01;144;;;1;0;0;0;1;1;0,428747895;0,600742136;0,618835849;;;;;10;3,431403;0,3117;Normal with Mean = 3.0 and Stdev = 0.4264014327112209;0,31153;0,144;Normal with Mean = 0.0 and Stdev = 0.21320071635561044;30,546266;0,1058;Chi2 with 22.0 degrees of freedom ;0;1;0;0,217066;0,9962;0;1;0;0,257783;0,992;1,77405;0,1089;1,725113;0,1197;19,005764;0,645;Chi2 with 22.0 degrees of freedom ;;;;3,119544;0,2102;Chi2 with 2.0 degrees of freedom 
RF2017;2012-01-01;2023-12-01;144;;;1;0;2;1;0;1;1,257582679;1,616975133;1,42440205;;;;;4;2,550752;0,2711;Normal with Mean = 3.0 and Stdev = 0.408248290463863;-0,012381;0,9516;Normal with Mean = 0.0 and Stdev = 0.2041241452319315;15,857567;0,6668;Chi2 with 19.0 degrees of freedom ;0;1;0;0,303654;0,9841;0;1;0;0,394434;0,9562;1,374195;0,2293;1,258781;0,2806;17,018126;0,5886;Chi2 with 19.0 degrees of freedom ;;;;0,749677;0,6874;Chi2 with 2.0 degrees of freedom 
RF2020;2012-01-01;2023-12-01;144;;;1;0;0;0;1;1;0,171032978;0,71966735;0,76902674;;;;;1;2,550543;0,2919;Normal with Mean = 3.0 and Stdev = 0.4264014327112209;-0,342817;0,1078;Normal with Mean = 0.0 and Stdev = 0.21320071635561044;30,788083;0,1005;Chi2 with 22.0 degrees of freedom ;0;1;0;0,462032;0,9234;0;1;0;0,551399;0,8645;0,344816;0,9119;0,365611;0,8996;14,655318;0,8766;Chi2 with 22.0 degrees of freedom ;;;;5,518075;0,0634;Chi2 with 2.0 degrees of freedom 
RF2030;2012-01-01;2023-12-01;144;;;0;1;1;0;1;1;0,146324066;0,275990682;0,296863106;;;;;6;3,188832;0,6591;Normal with Mean = 3.0 and Stdev = 0.428025825003853;0,352569;0,0995;Normal with Mean = 0.0 and Stdev = 0.2140129125019265;17,843229;0,7152;Chi2 with 22.0 degrees of freedom ;0;1;0;0,60755;0,8197;0;1;0;0,699752;0,737;1,369519;0,2313;1,128732;0,3489;20,684516;0,5403;Chi2 with 22.0 degrees of freedom ;;;;2,872425;0,2378;Chi2 with 2.0 degrees of freedom 
RF2041;2012-01-01;2023-12-01;144;;;0;1;1;0;1;1;0,302473889;0,671052996;0,677593083;;;;;12;2,736595;0,5383;Normal with Mean = 3.0 and Stdev = 0.428025825003853;0,09072;0,6716;Normal with Mean = 0.0 and Stdev = 0.2140129125019265;18,885155;0,6524;Chi2 with 22.0 degrees of freedom ;0;1;0;0,19192;0,9978;0;1;0;0,400614;0,9536;1,111979;0,3586;1,352297;0,2384;20,181986;0,5717;Chi2 with 22.0 degrees of freedom ;;;;0,286107;0,8667;Chi2 with 2.0 degrees of freedom 
RF2042;2012-01-01;2023-12-01;144;;;0;1;1;0;1;1;0,192840237;0,510076651;0,467148359;;;;;10;3,634542;0,1382;Normal with Mean = 3.0 and Stdev = 0.428025825003853;0,5145;0,0162;Normal with Mean = 0.0 and Stdev = 0.2140129125019265;27,740164;0,1845;Chi2 with 22.0 degrees of freedom ;0,65624;0,7203;0,65624;0,601103;0,8251;0,191246;0,9088;0,191246;0,966837;0,4799;1,401668;0,2184;1,235586;0,2919;28,593396;0,1568;Chi2 with 22.0 degrees of freedom ;;;;5,909033;0,0521;Chi2 with 2.0 degrees of freedom 
RF2051;2012-01-01;2023-12-01;144;;;0;1;1;0;1;1;0,480012217;1,348217392;1,144064485;;;;;5;2,932661;0,875;Normal with Mean = 3.0 and Stdev = 0.428025825003853;-0,009724;0,9638;Normal with Mean = 0.0 and Stdev = 0.2140129125019265;21,428595;0,4944;Chi2 with 22.0 degrees of freedom ;0;1;0;0,356656;0,97;0;1;0;0,491031;0,9061;0,631615;0,7047;0,74004;0,6183;19,610079;0,6074;Chi2 with 22.0 degrees of freedom ;;;;0,093347;0,9544;Chi2 with 2.0 degrees of freedom 
RF2052;2012-01-01;2023-12-01;144;;;0;0;0;1;1;0;0,237002128;0,72769214;0,789433;;;;;11;2,657945;0,4224;Normal with Mean = 3.0 and Stdev = 0.4264014327112209;-0,361796;0,0897;Normal with Mean = 0.0 and Stdev = 0.21320071635561044;28,034699;0,2145;Chi2 with 23.0 degrees of freedom ;0;1;0;0,390191;0,9579;0;1;0;0,788693;0,6509;1,621606;0,1457;1,761798;0,1115;21,393353;0,5571;Chi2 with 23.0 degrees of freedom ;;;;5,039174;0,0805;Chi2 with 2.0 degrees of freedom 
RF2053;2012-01-01;2023-12-01;144;;;0;1;1;0;1;1;0,281264454;0,787576145;0,81184992;;;;;2;2,868084;0,7579;Normal with Mean = 3.0 and Stdev = 0.428025825003853;0,193976;0,3647;Normal with Mean = 0.0 and Stdev = 0.2140129125019265;20,68545;0,5402;Chi2 with 22.0 degrees of freedom ;0;1;0;0,453955;0,9278;0;1;0;0,479798;0,913;2,239019;0,0431;2,483171;0,026;25,664524;0,2664;Chi2 with 22.0 degrees of freedom ;;;;0,909894;0,6345;Chi2 with 2.0 degrees of freedom 
RF2059;2012-01-01;2023-12-01;144;;;0;1;1;0;1;1;1,126142792;0,998338391;1,076914574;;;;;6;2,85809;0,7402;Normal with Mean = 3.0 and Stdev = 0.428025825003853;0,10678;0,6178;Normal with Mean = 0.0 and Stdev = 0.2140129125019265;35,987472;0,0305;Chi2 with 22.0 degrees of freedom ;0;1;0;0,61859;0,8104;0;1;0;0,420773;0,9447;0,606096;0,7251;0,632033;0,7044;25,262748;0,2847;Chi2 with 22.0 degrees of freedom ;;;;0,274027;0,872;Chi2 with 2.0 degrees of freedom 
RF2060;2012-01-01;2023-12-01;144;;;0;1;1;0;1;1;0,371167254;0,667334267;0,607986886;;;;;2;3,586579;0,1706;Normal with Mean = 3.0 and Stdev = 0.428025825003853;-0,183508;0,3912;Normal with Mean = 0.0 and Stdev = 0.2140129125019265;38,586817;0,0157;Chi2 with 22.0 degrees of freedom ;0;1;0;0,252604;0,9926;0;1;0;0,364858;0,9673;0,635625;0,7015;0,729202;0,6269;18,649912;0,6668;Chi2 with 22.0 degrees of freedom ;;;;3,604801;0,1649;Chi2 with 2.0 degrees of freedom 
RF2110;2012-01-01;2023-12-01;144;;;1;0;0;1;1;1;0,896673381;0,871840057;0,902290046;;;;;1;3,283625;0,5059;Normal with Mean = 3.0 and Stdev = 0.4264014327112209;-0,248915;0,243;Normal with Mean = 0.0 and Stdev = 0.21320071635561044;11,345826;0,9556;Chi2 with 21.0 degrees of freedom ;0;1;0;0,76897;0,6703;0;1;0;0,657518;0,776;1,031439;0,4077;1,113491;0,3577;19,373062;0,5612;Chi2 with 21.0 degrees of freedom ;;;;2,089625;0,3518;Chi2 with 2.0 degrees of freedom 
RF2120;2012-01-01;2023-12-01;144;;;0;1;1;0;1;1;0,455332201;1,179227082;1,143363105;;;;;3;2,7461;0,5531;Normal with Mean = 3.0 and Stdev = 0.428025825003853;0,172056;0,4214;Normal with Mean = 0.0 and Stdev = 0.2140129125019265;17,203992;0,752;Chi2 with 22.0 degrees of freedom ;0;1;0;0,21126;0,9966;0;1;0;0,305803;0,9836;0,356714;0,9049;0,438944;0,8517;21,712494;0,4772;Chi2 with 22.0 degrees of freedom ;;;;0,881818;0,6435;Chi2 with 2.0 degrees of freedom 
RF2211;2012-01-01;2023-12-01;144;;;0;1;1;0;1;1;0,16273288;0,635462045;0,343215781;;;;;10;3,639845;0,1349;Normal with Mean = 3.0 and Stdev = 0.428025825003853;-0,484446;0,0236;Normal with Mean = 0.0 and Stdev = 0.2140129125019265;28,580442;0,1572;Chi2 with 22.0 degrees of freedom ;0;1;0;0,225692;0,9955;0;1;0;0,367125;0,9665;1,166425;0,3279;1,11993;0,354;13,018988;0,9326;Chi2 with 22.0 degrees of freedom ;;;;5,493368;0,0641;Chi2 with 2.0 degrees of freedom 
RF2219;2012-01-01;2023-12-01;144;;;1;0;1;1;1;0;0,203944473;0,415731288;0,451061141;;;;;9;3,129949;0,7606;Normal with Mean = 3.0 and Stdev = 0.4264014327112209;0,102812;0,6296;Normal with Mean = 0.0 and Stdev = 0.21320071635561044;7,679685;0,9964;Chi2 with 21.0 degrees of freedom ;0;1;0;0,271675;0,99;0;1;0;0,223038;0,9957;0,999333;0,4285;0,987901;0,436;10,188687;0,9764;Chi2 with 21.0 degrees of freedom ;;;;0,8052;0,6686;Chi2 with 2.0 degrees of freedom 
RF2221;2012-01-01;2023-12-01;144;;;0;1;1;0;1;1;0,108312947;0,242244607;0,267201662;;;;;4;3,722518;0,0914;Normal with Mean = 3.0 and Stdev = 0.428025825003853;0,170114;0,4267;Normal with Mean = 0.0 and Stdev = 0.2140129125019265;16,878919;0,77;Chi2 with 22.0 degrees of freedom ;0;1;0;0,536353;0,8755;0;1;0;0,506708;0,896;0,892379;0,5025;1,055316;0,3927;24,252077;0,3342;Chi2 with 22.0 degrees of freedom ;;;;4,690379;0,0958;Chi2 with 2.0 degrees of freedom 
RF2222;2012-01-01;2023-12-01;144;;;0;1;1;0;1;1;0,115885834;0,312604847;0,342758777;;;;;12;2,794156;0,6306;Normal with Mean = 3.0 and Stdev = 0.428025825003853;0,193939;0,3648;Normal with Mean = 0.0 and Stdev = 0.2140129125019265;46,600615;0,0017;Chi2 with 22.0 degrees of freedom ;0;1;0;0,576069;0,8455;0;1;0;0,411591;0,9489;0,381907;0,8896;0,374628;0,8941;17,190033;0,7528;Chi2 with 22.0 degrees of freedom ;;;;1,007273;0,6043;Chi2 with 2.0 degrees of freedom 
RF2223;2012-01-01;2023-12-01;144;;;0;1;1;0;1;1;0,1102714;0,311920355;0,34985873;;;;;3;2,989261;0,98;Normal with Mean = 3.0 and Stdev = 0.428025825003853;-0,066131;0,7573;Normal with Mean = 0.0 and Stdev = 0.2140129125019265;34,826466;0,0404;Chi2 with 22.0 degrees of freedom ;0,139327;0,9327;0,139327;0,455703;0,9269;0;1;0;0,423147;0,9435;0,34527;0,9116;0,344476;0,9121;26,380891;0,2357;Chi2 with 22.0 degrees of freedom ;;;;0,283794;0,8677;Chi2 with 2.0 degrees of freedom 
RF2229;2012-01-01;2023-12-01;144;;;0;1;1;0;1;1;0,103093373;0,221250286;0,247973292;;;;;13;3,608009;0,1555;Normal with Mean = 3.0 and Stdev = 0.428025825003853;-0,304418;0,1549;Normal with Mean = 0.0 and Stdev = 0.2140129125019265;16,51605;0,7895;Chi2 with 22.0 degrees of freedom ;0;1;0;0,16116;0,999;0;1;0;0,221071;0,9959;0,448818;0,8448;0,277584;0,9467;13,941526;0,9035;Chi2 with 22.0 degrees of freedom ;;;;4,008348;0,1348;Chi2 with 2.0 degrees of freedom 
RF2311;2012-01-01;2023-12-01;144;;;0;1;1;0;1;1;1,279760431;1,25248021;1,317451685;;;;;8;7,661793;0;Normal with Mean = 3.0 and Stdev = 0.428025825003853;-1,097294;0;Normal with Mean = 0.0 and Stdev = 0.2140129125019265;14,688599;0,8753;Chi2 with 22.0 degrees of freedom ;1,680567;0,4316;1,680567;0,266285;0,9908;1,668513;0,4342;1,668513;0,329099;0,9781;0,836722;0,5436;0,90227;0,4953;10,79727;0,9775;Chi2 with 22.0 degrees of freedom ;;;;30,228154;0;Chi2 with 2.0 degrees of freedom 
RF2312;2012-01-01;2023-12-01;144;;;0;1;1;0;1;1;0,066503835;0,23332362;0,257376901;;;;;7;2,943623;0,8952;Normal with Mean = 3.0 and Stdev = 0.428025825003853;0,015237;0,9432;Normal with Mean = 0.0 and Stdev = 0.2140129125019265;13,533447;0,9172;Chi2 with 22.0 degrees of freedom ;0;1;0;0,502871;0,8985;0;1;0;0,704611;0,7324;0,960688;0,4544;0,889514;0,5045;16,694322;0,78;Chi2 with 22.0 degrees of freedom ;;;;0,114513;0,9444;Chi2 with 2.0 degrees of freedom 
RF2313;2012-01-01;2023-12-01;144;;;1;0;0;0;1;1;0,632835422;0,890057521;0,629278113;;;;;8;3,011061;0,9793;Normal with Mean = 3.0 and Stdev = 0.4264014327112209;0,020584;0,9231;Normal with Mean = 0.0 and Stdev = 0.21320071635561044;15,212358;0,853;Chi2 with 22.0 degrees of freedom ;0;1;0;0,665575;0,7687;0;1;0;0,630568;0,8;1,137494;0,344;1,464873;0,1948;25,397347;0,2785;Chi2 with 22.0 degrees of freedom ;;;;0,264587;0,8761;Chi2 with 2.0 degrees of freedom 
RF2314;2012-01-01;2023-12-01;144;;;0;1;1;0;1;1;0,74360402;0,792579752;0,821683383;;;;;8;4,100599;0,0101;Normal with Mean = 3.0 and Stdev = 0.428025825003853;-0,130215;0,5429;Normal with Mean = 0.0 and Stdev = 0.2140129125019265;19,268259;0,6287;Chi2 with 22.0 degrees of freedom ;1,350127;0,5091;1,350127;0,289118;0,987;1,84818;0,3969;1,84818;0,305084;0,9838;0,276825;0,947;0,225879;0,9678;21,717924;0,4768;Chi2 with 22.0 degrees of freedom ;;;;8,498344;0,0143;Chi2 with 2.0 degrees of freedom 
RF2319;2012-01-01;2023-12-01;144;;;0;1;1;0;1;1;0,500401655;0,564502535;0,56885233;;;;;3;4,266724;0,0031;Normal with Mean = 3.0 and Stdev = 0.428025825003853;0,314894;0,1412;Normal with Mean = 0.0 and Stdev = 0.2140129125019265;39,046177;0,0139;Chi2 with 22.0 degrees of freedom ;2,840984;0,2416;2,840984;1,472764;0,1492;3,825306;0,1477;3,825306;1,18528;0,3034;0,524439;0,789;0,635537;0,7016;13,727049;0,9109;Chi2 with 22.0 degrees of freedom ;;;;9,608506;0,0082;Chi2 with 2.0 degrees of freedom 
RF2320;2012-01-01;2023-12-01;144;;;1;0;0;0;1;1;0,301468884;0,728567502;0,741051785;;;;;4;2,72657;0,5214;Normal with Mean = 3.0 and Stdev = 0.4264014327112209;0,079316;0,7099;Normal with Mean = 0.0 and Stdev = 0.21320071635561044;15,3637;0,8462;Chi2 with 22.0 degrees of freedom ;0;1;0;0,361591;0,9684;0;1;0;0,266313;0,9908;2,113841;0,0556;2,518384;0,0242;28,709108;0,1534;Chi2 with 22.0 degrees of freedom ;;;;0,252589;0,8814;Chi2 with 2.0 degrees of freedom 
RF2331;2012-01-01;2023-12-01;144;;;0;1;1;0;1;1;0,270109575;0,477280553;0,496112417;;;;;4;2,635684;0,3947;Normal with Mean = 3.0 and Stdev = 0.428025825003853;0,035533;0,8681;Normal with Mean = 0.0 and Stdev = 0.2140129125019265;19,358054;0,6231;Chi2 with 22.0 degrees of freedom ;0;1;0;0,634557;0,7965;0;1;0;0,842152;0,5985;0,369913;0,897;0,446325;0,8465;15,994783;0,8161;Chi2 with 22.0 degrees of freedom ;;;;0,325479;0,8498;Chi2 with 2.0 degrees of freedom 
RF2332;2012-01-01;2023-12-01;144;;;0;1;1;0;1;1;0,241024048;0,722180983;0,786896444;;;;;4;3,382218;0,3719;Normal with Mean = 3.0 and Stdev = 0.428025825003853;-0,121884;0,569;Normal with Mean = 0.0 and Stdev = 0.2140129125019265;34,934427;0,0394;Chi2 with 22.0 degrees of freedom ;0,002415;0,9988;0,002415;0,31202;0,9823;0;1;0;0,507902;0,8952;3,356993;0,0041;3,477234;0,0031;11,570371;0,9656;Chi2 with 22.0 degrees of freedom ;;;;2,112858;0,3477;Chi2 with 2.0 degrees of freedom 
RF2341;2012-01-01;2023-12-01;144;;;0;0;0;0;1;1;0,216709909;0,649631646;0,69493978;;;;;13;2,894691;0,8049;Normal with Mean = 3.0 and Stdev = 0.4264014327112209;-0,149555;0,483;Normal with Mean = 0.0 and Stdev = 0.21320071635561044;23,888992;0,41;Chi2 with 23.0 degrees of freedom ;0;1;0;0,073034;1;0;1;0;0,174023;0,9986;2,537251;0,0233;2,651788;0,0183;37,862403;0,0264;Chi2 with 23.0 degrees of freedom ;;;;0,539796;0,7635;Chi2 with 2.0 degrees of freedom 
RF2342;2012-01-01;2023-12-01;144;;;0;1;1;0;1;1;0,207719947;0,404447027;0,423371678;;;;;7;3,224638;0,5997;Normal with Mean = 3.0 and Stdev = 0.428025825003853;-0,069398;0,7457;Normal with Mean = 0.0 and Stdev = 0.2140129125019265;29,133149;0,1411;Chi2 with 22.0 degrees of freedom ;0;1;0;0,53965;0,8732;0;1;0;0,403812;0,9523;0,331045;0,9196;0,43339;0,8556;28,649671;0,1551;Chi2 with 22.0 degrees of freedom ;;;;1,14385;0,5644;Chi2 with 2.0 degrees of freedom 
RF2351;2012-01-01;2023-12-01;144;;;0;1;1;0;1;1;0,155815018;0,661084575;0,718033145;;;;;8;2,761494;0,5774;Normal with Mean = 3.0 and Stdev = 0.428025825003853;-0,140193;0,5124;Normal with Mean = 0.0 and Stdev = 0.2140129125019265;20,333413;0,5622;Chi2 with 22.0 degrees of freedom ;0;1;0;0,405035;0,9518;0;1;0;0,474119;0,9164;0,698542;0,6512;0,777116;0,5892;19,345601;0,6239;Chi2 with 22.0 degrees of freedom ;;;;0,563679;0,7544;Chi2 with 2.0 degrees of freedom 
RF2361;2012-01-01;2023-12-01;144;;;0;1;1;0;1;1;0,148212075;0,223201066;0,241731375;;;;;5;3,501186;0,2416;Normal with Mean = 3.0 and Stdev = 0.428025825003853;0,416135;0,0518;Normal with Mean = 0.0 and Stdev = 0.2140129125019265;15,233396;0,852;Chi2 with 22.0 degrees of freedom ;0,00386;0,9981;0,00386;0,342441;0,9744;0;1;0;0,354021;0,9708;1,125034;0,3511;1,141461;0,3417;21,356479;0,4988;Chi2 with 22.0 degrees of freedom ;;;;4,280313;0,1176;Chi2 with 2.0 degrees of freedom 
RF2362;2012-01-01;2023-12-01;144;;;0;1;1;0;1;1;0,151796466;0,430163198;0,472580346;;;;;4;3,270116;0,528;Normal with Mean = 3.0 and Stdev = 0.428025825003853;-0,254625;0,2341;Normal with Mean = 0.0 and Stdev = 0.2140129125019265;25,167458;0,2891;Chi2 with 22.0 degrees of freedom ;0;1;0;0,303699;0,9841;0;1;0;0,643667;0,7885;0,105195;0,9957;0,132023;0,992;20,225345;0,5689;Chi2 with 22.0 degrees of freedom ;;;;2,068185;0,3555;Chi2 with 2.0 degrees of freedom 
RF2363;2012-01-01;2023-12-01;144;;;0;1;1;1;1;0;0,105702247;0,24787468;0,270563876;;;;;12;5,807705;0;Normal with Mean = 3.0 and Stdev = 0.428025825003853;1,061283;0;Normal with Mean = 0.0 and Stdev = 0.2140129125019265;5,903107;0,9997;Chi2 with 22.0 degrees of freedom ;0;1;0;0,13628;0,9996;0;1;0;0,184003;0,9982;0,211791;0,9726;0,374037;0,8945;11,186605;0,972;Chi2 with 22.0 degrees of freedom ;;;;19,590073;0,0001;Chi2 with 2.0 degrees of freedom 
RF2391;2012-01-01;2023-12-01;144;;;0;1;1;0;1;1;0,22800663;0,505860785;0,443914863;;;;;5;3,807787;0,0591;Normal with Mean = 3.0 and Stdev = 0.428025825003853;0,035755;0,8673;Normal with Mean = 0.0 and Stdev = 0.2140129125019265;20,454548;0,5546;Chi2 with 22.0 degrees of freedom ;0;1;0;0,455121;0,9272;0;1;0;0,722336;0,7155;0,646897;0,6925;0,695914;0,6533;25,626987;0,268;Chi2 with 22.0 degrees of freedom ;;;;5,530214;0,063;Chi2 with 2.0 degrees of freedom 
RF2399;2012-01-01;2023-12-01;144;;;1;0;1;0;1;1;0,193958885;0,354765825;0,388010416;;;;;2;2,764179;0,5802;Normal with Mean = 3.0 and Stdev = 0.4264014327112209;0,325977;0,1263;Normal with Mean = 0.0 and Stdev = 0.21320071635561044;30,594388;0,0807;Chi2 with 21.0 degrees of freedom ;0;1;0;0,156727;0,9992;0;1;0;0,103979;0,9999;0,548906;0,7701;0,593584;0,735;22,508334;0,3707;Chi2 with 21.0 degrees of freedom ;;;;3,310501;0,191;Chi2 with 2.0 degrees of freedom 
RF2410;2012-01-01;2023-12-01;144;;;0;1;1;1;1;0;0,240000405;0,52388895;0,558363866;;;;;13;2,568774;0,3137;Normal with Mean = 3.0 and Stdev = 0.428025825003853;0,053346;0,8032;Normal with Mean = 0.0 and Stdev = 0.2140129125019265;16,857708;0,7712;Chi2 with 22.0 degrees of freedom ;0;1;0;0,311386;0,9824;0;1;0;0,798509;0,6413;0,255181;0,9565;0,320945;0,9251;26,159563;0,2449;Chi2 with 22.0 degrees of freedom ;;;;0,64181;0,7255;Chi2 with 2.0 degrees of freedom 
RF2420;2012-01-01;2023-12-01;144;;;0;1;1;0;1;1;0,362830568;0,621865068;0,632272947;;;;;2;3,097564;0,8197;Normal with Mean = 3.0 and Stdev = 0.428025825003853;0,260492;0,2235;Normal with Mean = 0.0 and Stdev = 0.2140129125019265;16,681098;0,7807;Chi2 with 22.0 degrees of freedom ;0;1;0;0,286616;0,9875;0;1;0;0,454729;0,9274;0,785054;0,5831;0,812255;0,5621;13,119466;0,9298;Chi2 with 22.0 degrees of freedom ;;;;1,670482;0,4338;Chi2 with 2.0 degrees of freedom 
RF2431;2012-01-01;2023-12-01;144;;;0;1;1;0;1;1;0,192565182;0,336850701;0,361299902;;;;;4;4,303433;0,0023;Normal with Mean = 3.0 and Stdev = 0.428025825003853;0,453322;0,0342;Normal with Mean = 0.0 and Stdev = 0.2140129125019265;20,213394;0,5697;Chi2 with 22.0 degrees of freedom ;0;1;0;0,633356;0,7976;0;1;0;0,616393;0,8123;0,728961;0,627;0,683581;0,6632;26,443992;0,2331;Chi2 with 22.0 degrees of freedom ;;;;9,332909;0,0094;Chi2 with 2.0 degrees of freedom 
RF2432;2012-01-01;2023-12-01;144;;;0;1;1;0;1;1;0,232055504;0,415959433;0,443703022;;;;;5;4,571728;0,0002;Normal with Mean = 3.0 and Stdev = 0.428025825003853;0,070111;0,7432;Normal with Mean = 0.0 and Stdev = 0.2140129125019265;20,954439;0,5236;Chi2 with 22.0 degrees of freedom ;0,211373;0,8997;0,211373;0,307161;0,9833;0,00595;0,997;0,00595;0,475677;0,9155;1,463768;0,1952;1,594959;0,1532;20,627901;0,5438;Chi2 with 22.0 degrees of freedom ;;;;14,473883;0,0007;Chi2 with 2.0 degrees of freedom 
RF2433;2012-01-01;2023-12-01;144;;;1;0;0;0;1;1;0,138989106;0,337262284;0,363987198;;;;;5;2,66984;0,4388;Normal with Mean = 3.0 and Stdev = 0.4264014327112209;-0,173617;0,4155;Normal with Mean = 0.0 and Stdev = 0.21320071635561044;26,38216;0,2356;Chi2 with 22.0 degrees of freedom ;0;1;0;0,296304;0,9856;0;1;0;0,397589;0,9549;0,762429;0,6007;0,673378;0,6713;31,646561;0,0836;Chi2 with 22.0 degrees of freedom ;;;;1,15065;0,5625;Chi2 with 2.0 degrees of freedom 
RF2434;2012-01-01;2023-12-01;144;;;0;1;1;0;1;1;0,171530277;0,308400878;0,328098168;;;;;5;3,274731;0,521;Normal with Mean = 3.0 and Stdev = 0.428025825003853;-0,201069;0,3475;Normal with Mean = 0.0 and Stdev = 0.2140129125019265;23,921636;0,3514;Chi2 with 22.0 degrees of freedom ;0;1;0;0,568137;0,8517;0;1;0;0,501611;0,8993;0,73911;0,619;0,63883;0,699;17,935593;0,7098;Chi2 with 22.0 degrees of freedom ;;;;1,781017;0,4104;Chi2 with 2.0 degrees of freedom 
RF2442;2012-01-01;2023-12-01;144;;;0;1;1;0;1;1;0,17909285;0,325625006;0,353834417;;;;;6;3,189237;0,6584;Normal with Mean = 3.0 and Stdev = 0.428025825003853;-0,019097;0,9289;Normal with Mean = 0.0 and Stdev = 0.2140129125019265;34,370881;0,045;Chi2 with 22.0 degrees of freedom ;0;1;0;0,249056;0,9931;0,006438;0,9968;0,006438;0,301688;0,9845;0,845797;0,5368;0,918906;0,4835;22,378449;0,4375;Chi2 with 22.0 degrees of freedom ;;;;0,922997;0,6303;Chi2 with 2.0 degrees of freedom 
RF2443;2012-01-01;2023-12-01;144;;;0;1;1;1;1;1;0,266386532;0,824085665;0,865450723;;;;;4;3,037741;0,9297;Normal with Mean = 3.0 and Stdev = 0.428025825003853;0,108544;0,612;Normal with Mean = 0.0 and Stdev = 0.2140129125019265;24,818826;0,2551;Chi2 with 21.0 degrees of freedom ;0;1;0;0,495319;0,9034;0;1;0;0,547558;0,8673;0,771272;0,5938;0,939822;0,4688;18,714021;0,6035;Chi2 with 21.0 degrees of freedom ;;;;0,531935;0,7665;Chi2 with 2.0 degrees of freedom 
RF2444;2012-01-01;2023-12-01;144;;;0;1;1;0;1;1;0,247068209;0,729899119;0,771442507;;;;;5;2,926162;0,863;Normal with Mean = 3.0 and Stdev = 0.428025825003853;0,180338;0,3994;Normal with Mean = 0.0 and Stdev = 0.2140129125019265;19,058993;0,6417;Chi2 with 22.0 degrees of freedom ;0;1;0;0,07882;1;0;1;0;0,30328;0,9842;0,834272;0,5454;0,933308;0,4733;16,560639;0,7871;Chi2 with 22.0 degrees of freedom ;;;;0,777437;0,6779;Chi2 with 2.0 degrees of freedom 
RF2445;2012-01-01;2023-12-01;144;;;2;0;0;0;1;1;0,337967631;0,859960329;0,858260056;;;;;4;3,37271;0,3821;Normal with Mean = 3.0 and Stdev = 0.4264014327112209;-0,22305;0,2955;Normal with Mean = 0.0 and Stdev = 0.21320071635561044;21,574372;0,4244;Chi2 with 21.0 degrees of freedom ;0;1;0;0,147004;0,9994;0;1;0;0,1886;0,998;1,36372;0,2336;1,370279;0,2309;29,03582;0,1131;Chi2 with 21.0 degrees of freedom ;;;;2,356228;0,3079;Chi2 with 2.0 degrees of freedom 
RF2451;2012-01-01;2023-12-01;144;;;0;1;1;0;1;1;0,173211015;0,656704381;0,72232261;;;;;10;3,934088;0,0291;Normal with Mean = 3.0 and Stdev = 0.428025825003853;-0,291516;0,1732;Normal with Mean = 0.0 and Stdev = 0.2140129125019265;18,722575;0,6624;Chi2 with 22.0 degrees of freedom ;0;1;0;0,285061;0,9877;0;1;0;0,369603;0,9656;1,217087;0,3013;1,489754;0,1862;12,477962;0,9467;Chi2 with 22.0 degrees of freedom ;;;;6,457379;0,0396;Chi2 with 2.0 degrees of freedom 
RF2452;2012-01-01;2023-12-01;144;;;0;1;1;0;1;1;0,49555102;0,806224641;0,81523781;;;;;6;2,84627;0,7195;Normal with Mean = 3.0 and Stdev = 0.428025825003853;0,431615;0,0437;Normal with Mean = 0.0 and Stdev = 0.2140129125019265;40,160843;0,0104;Chi2 with 22.0 degrees of freedom ;0;1;0;0,238225;0,9943;0;1;0;0,238545;0,9943;0,96246;0,4532;1,059142;0,3903;32,120381;0,0754;Chi2 with 22.0 degrees of freedom ;;;;5,682552;0,0584;Chi2 with 2.0 degrees of freedom 
RF2453;2012-01-01;2023-12-01;144;;;2;0;0;0;1;1;0,25644156;0,286671236;0,302254987;;;;;3;2,979418;0,9615;Normal with Mean = 3.0 and Stdev = 0.4264014327112209;-0,175652;0,41;Normal with Mean = 0.0 and Stdev = 0.21320071635561044;41,76222;0,0045;Chi2 with 21.0 degrees of freedom ;0;1;0;0,360606;0,9687;0;1;0;0,486005;0,9092;2,479936;0,0262;1,819876;0,0996;10,899507;0,9647;Chi2 with 21.0 degrees of freedom ;;;;0,785839;0,6751;Chi2 with 2.0 degrees of freedom 
RF2454;2012-01-01;2023-12-01;144;;;0;1;1;0;1;1;0,183128646;0,497199701;0,534054321;;;;;5;3,367432;0,3907;Normal with Mean = 3.0 and Stdev = 0.428025825003853;0,242099;0,258;Normal with Mean = 0.0 and Stdev = 0.2140129125019265;27,194858;0,2039;Chi2 with 22.0 degrees of freedom ;0;1;0;1,038749;0,4164;0;1;0;0,622379;0,8071;0,387543;0,886;0,453494;0,8415;14,961758;0,8639;Chi2 with 22.0 degrees of freedom ;;;;2,409054;0,2998;Chi2 with 2.0 degrees of freedom 
RF2511;2012-01-01;2023-12-01;144;;;1;0;1;0;1;1;0,116769399;0,34059631;0,376220305;;;;;12;2,693416;0,4721;Normal with Mean = 3.0 and Stdev = 0.4264014327112209;0,1107;0,6036;Normal with Mean = 0.0 and Stdev = 0.21320071635561044;21,117185;0,4518;Chi2 with 21.0 degrees of freedom ;0;1;0;0,275974;0,9893;0;1;0;0,650221;0,7826;0,474482;0,8264;0,619614;0,7143;22,146081;0,3911;Chi2 with 21.0 degrees of freedom ;;;;0,503772;0,7773;Chi2 with 2.0 degrees of freedom 
RF2512;2012-01-01;2023-12-01;144;;;0;1;1;0;1;1;0,153720662;0,349695669;0,374259272;;;;;4;2,570797;0,316;Normal with Mean = 3.0 and Stdev = 0.428025825003853;0,229755;0,283;Normal with Mean = 0.0 and Stdev = 0.2140129125019265;22,078552;0,4552;Chi2 with 22.0 degrees of freedom ;0;1;0;0,428404;0,941;0;1;0;0,46352;0,9225;2,42419;0,0294;2,847604;0,0121;16,821652;0,7731;Chi2 with 22.0 degrees of freedom ;;;;2,494065;0,2874;Chi2 with 2.0 degrees of freedom 
RF2521;2012-01-01;2023-12-01;144;;;1;0;0;0;1;1;0,168627433;0,410404462;0,416167727;;;;;5;2,342468;0,1231;Normal with Mean = 3.0 and Stdev = 0.4264014327112209;-0,065263;0,7595;Normal with Mean = 0.0 and Stdev = 0.21320071635561044;30,591203;0,1048;Chi2 with 22.0 degrees of freedom ;0;1;0;0,059379;1;0;1;0;0,072229;1;1,821463;0,0993;1,569584;0,1606;16,742832;0,7774;Chi2 with 22.0 degrees of freedom ;;;;2,374607;0,305;Chi2 with 2.0 degrees of freedom 
RF2529;2012-01-01;2023-12-01;144;;;0;1;1;0;1;1;0,380563705;0,924913902;0,953811144;;;;;3;3,480159;0,2619;Normal with Mean = 3.0 and Stdev = 0.428025825003853;0,564185;0,0084;Normal with Mean = 0.0 and Stdev = 0.2140129125019265;19,817013;0,5945;Chi2 with 22.0 degrees of freedom ;0;1;0;0,182975;0,9983;0;1;0;0,212268;0,9966;1,041588;0,4012;1,218481;0,3005;21,172566;0,5101;Chi2 with 22.0 degrees of freedom ;;;;6,931829;0,0312;Chi2 with 2.0 degrees of freedom 
RF2530;2012-01-01;2023-12-01;144;;;0;1;1;0;1;0;0,637841798;0,641737425;0,703780262;;;;;10;3,683269;0,1104;Normal with Mean = 3.0 and Stdev = 0.428025825003853;0,264209;0,217;Normal with Mean = 0.0 and Stdev = 0.2140129125019265;22,979278;0,462;Chi2 with 23.0 degrees of freedom ;18,203193;0,0001;18,203193;0,431118;0,9397;12,409904;0,002;12,409904;0,596508;0,829;0,546465;0,772;0,527096;0,787;18,935139;0,705;Chi2 with 23.0 degrees of freedom ;;;;4,422186;0,1096;Chi2 with 2.0 degrees of freedom 
RF2540;2012-01-01;2023-12-01;144;;;0;1;1;0;1;1;0,344840074;0,7870313;0,828875976;;;;;4;3,18069;0,6729;Normal with Mean = 3.0 and Stdev = 0.428025825003853;-0,327657;0,1258;Normal with Mean = 0.0 and Stdev = 0.2140129125019265;35,017139;0,0386;Chi2 with 22.0 degrees of freedom ;0;1;0;0,154068;0,9992;0;1;0;0,202645;0,9972;1,776185;0,1084;1,983528;0,0722;14,100575;0,8979;Chi2 with 22.0 degrees of freedom ;;;;2,534673;0,2816;Chi2 with 2.0 degrees of freedom 
RF2550;2012-01-01;2023-12-01;144;;;0;1;1;0;1;1;0,082277987;0,308018258;0,337884363;;;;;10;2,929921;0,8699;Normal with Mean = 3.0 and Stdev = 0.428025825003853;0,389583;0,0687;Normal with Mean = 0.0 and Stdev = 0.2140129125019265;24,100853;0,342;Chi2 with 22.0 degrees of freedom ;0;1;0;0,20033;0,9974;0,017359;0,9914;0,017359;0,390293;0,9579;0,293245;0,9393;0,279142;0,946;34,545724;0,0432;Chi2 with 22.0 degrees of freedom ;;;;3,994128;0,1357;Chi2 with 2.0 degrees of freedom 
RF2561;2012-01-01;2023-12-01;144;;;0;1;1;0;1;1;0,083640916;0,302531378;0,337167435;;;;;13;2,963463;0,932;Normal with Mean = 3.0 and Stdev = 0.428025825003853;-0,224746;0,2936;Normal with Mean = 0.0 and Stdev = 0.2140129125019265;21,916801;0,4649;Chi2 with 22.0 degrees of freedom ;0;1;0;0,4543;0,9277;0;1;0;1,0442;0,4118;1,471192;0,1926;1,397601;0,22;14,086801;0,8984;Chi2 with 22.0 degrees of freedom ;;;;1,194144;0,5504;Chi2 with 2.0 degrees of freedom 
RF2562;2012-01-01;2023-12-01;144;;;0;1;1;0;1;1;0,11201049;0,216674208;0,236930716;;;;;12;2,977843;0,9587;Normal with Mean = 3.0 and Stdev = 0.428025825003853;0,156472;0,4647;Normal with Mean = 0.0 and Stdev = 0.2140129125019265;17,647641;0,7267;Chi2 with 22.0 degrees of freedom ;0;1;0;0,81841;0,6217;0;1;0;0,939969;0,5046;0,666056;0,6772;0,714343;0,6386;32,2045;0,074;Chi2 with 22.0 degrees of freedom ;;;;0,650293;0,7224;Chi2 with 2.0 degrees of freedom 
RF2571;2012-01-01;2023-12-01;144;;;0;1;1;0;1;1;0,382491966;1,236400694;1,158141891;;;;;5;3,160702;0,7073;Normal with Mean = 3.0 and Stdev = 0.428025825003853;0,040706;0,8491;Normal with Mean = 0.0 and Stdev = 0.2140129125019265;24,684997;0,3124;Chi2 with 22.0 degrees of freedom ;0;1;0;0,305158;0,9838;0;1;0;0,500043;0,9004;0,969284;0,4485;1,118545;0,3548;12,483526;0,9466;Chi2 with 22.0 degrees of freedom ;;;;0,809697;0,6671;Chi2 with 2.0 degrees of freedom 
RF2572;2012-01-01;2023-12-01;144;;;0;1;1;0;1;1;0,343809362;0,864806411;0,902891328;;;;;9;2,771545;0,5935;Normal with Mean = 3.0 and Stdev = 0.428025825003853;0,156548;0,4645;Normal with Mean = 0.0 and Stdev = 0.2140129125019265;53,729484;0,0002;Chi2 with 22.0 degrees of freedom ;0;1;0;0,399824;0,954;0;1;0;0,505485;0,8968;0,501043;0,8067;0,433022;0,8558;29,377532;0,1344;Chi2 with 22.0 degrees of freedom ;;;;0,681796;0,7111;Chi2 with 2.0 degrees of freedom 
RF2573;2012-01-01;2023-12-01;144;;;0;1;1;0;1;1;0,200543509;0,776378096;0,834178041;;;;;7;3,499977;0,2428;Normal with Mean = 3.0 and Stdev = 0.428025825003853;0,009943;0,9629;Normal with Mean = 0.0 and Stdev = 0.2140129125019265;32,46751;0,0698;Chi2 with 22.0 degrees of freedom ;0;1;0;0,175968;0,9985;0;1;0;0,316746;0,9812;0,258182;0,9552;0,241461;0,962;21,617379;0,4829;Chi2 with 22.0 degrees of freedom ;;;;2,848691;0,2407;Chi2 with 2.0 degrees of freedom 
RF2591;2012-01-01;2023-12-01;144;;;0;1;1;0;1;1;0,17564756;0,392053609;0,417175479;;;;;4;3,51163;0,232;Normal with Mean = 3.0 and Stdev = 0.428025825003853;0,456629;0,0329;Normal with Mean = 0.0 and Stdev = 0.2140129125019265;10,957702;0,9753;Chi2 with 22.0 degrees of freedom ;0;1;0;0,201269;0,9973;0;1;0;0,819781;0,6204;2,359723;0,0336;2,720563;0,0158;14,445517;0,8849;Chi2 with 22.0 degrees of freedom ;;;;4,813799;0,0901;Chi2 with 2.0 degrees of freedom 
RF2592;2012-01-01;2023-12-01;144;;;0;1;1;0;1;1;0,322470515;0,498503756;0,535664384;;;;;2;3,377743;0,3775;Normal with Mean = 3.0 and Stdev = 0.428025825003853;-0,305637;0,1533;Normal with Mean = 0.0 and Stdev = 0.2140129125019265;37,160803;0,0227;Chi2 with 22.0 degrees of freedom ;0;1;0;0,28466;0,9878;0,078549;0,9615;0,078549;0,251005;0,9928;0,669174;0,6747;0,635667;0,7015;19,187608;0,6337;Chi2 with 22.0 degrees of freedom ;;;;2,839883;0,2417;Chi2 with 2.0 degrees of freedom 
RF2593;2012-01-01;2023-12-01;144;;;0;1;1;0;1;1;0,182219193;0,273183051;0,294760578;;;;;4;4,798024;0;Normal with Mean = 3.0 and Stdev = 0.428025825003853;0,445267;0,0375;Normal with Mean = 0.0 and Stdev = 0.2140129125019265;10,324802;0,9831;Chi2 with 22.0 degrees of freedom ;0;1;0;0,194099;0,9977;0;1;0;0,206168;0,997;0,861171;0,5253;1,034021;0,406;16,291598;0,8012;Chi2 with 22.0 degrees of freedom ;;;;14,40805;0,0007;Chi2 with 2.0 degrees of freedom 
RF2594;2012-01-01;2023-12-01;144;;;1;1;0;0;1;1;0,213360947;0,273408133;0,293965797;;;;;5;3,289863;0,4983;Normal with Mean = 3.0 and Stdev = 0.428025825003853;0,439926;0,0398;Normal with Mean = 0.0 and Stdev = 0.2140129125019265;26,726762;0,2218;Chi2 with 22.0 degrees of freedom ;0;1;0;0,312966;0,982;0;1;0;0,443351;0,9335;1,087221;0,3732;1,107197;0,3614;17,233704;0,7503;Chi2 with 22.0 degrees of freedom ;;;;4,32666;0,1149;Chi2 with 2.0 degrees of freedom 
RF2599;2012-01-01;2023-12-01;144;;;0;1;1;0;1;1;0,169077895;0,847036058;0,909234779;;;;;7;3,482433;0,2597;Normal with Mean = 3.0 and Stdev = 0.428025825003853;0,218623;0,307;Normal with Mean = 0.0 and Stdev = 0.2140129125019265;18,506545;0,6756;Chi2 with 22.0 degrees of freedom ;0;1;0;0,28705;0,9874;0;1;0;0,254276;0,9924;0,811976;0,5623;0,924437;0,4795;25,40289;0,2782;Chi2 with 22.0 degrees of freedom ;;;;2,957671;0,2279;Chi2 with 2.0 degrees of freedom 
RF2611;2012-01-01;2023-12-01;144;;;0;1;1;0;1;1;0,512071712;0,672061521;0,727918972;;;;;10;3,682963;0,1106;Normal with Mean = 3.0 and Stdev = 0.428025825003853;-0,313922;0,1424;Normal with Mean = 0.0 and Stdev = 0.2140129125019265;29,143167;0,1408;Chi2 with 22.0 degrees of freedom ;0;1;0;0,396251;0,9555;0;1;0;0,423448;0,9434;1,292971;0,2645;1,303989;0,2595;26,696041;0,223;Chi2 with 22.0 degrees of freedom ;;;;4,518593;0,1044;Chi2 with 2.0 degrees of freedom 
RF2612;2012-01-01;2023-12-01;144;;;0;1;1;0;1;1;0,172106237;0,290757807;0,297772423;;;;;11;3,342663;0,4234;Normal with Mean = 3.0 and Stdev = 0.428025825003853;-0,148969;0,4864;Normal with Mean = 0.0 and Stdev = 0.2140129125019265;27,567162;0,1905;Chi2 with 22.0 degrees of freedom ;0;1;0;0,34378;0,974;0;1;0;0,509521;0,8941;0,874026;0,5158;0,919723;0,4829;24,792981;0,3071;Chi2 with 22.0 degrees of freedom ;;;;1,937149;0,3796;Chi2 with 2.0 degrees of freedom 
RF2620;2012-01-01;2023-12-01;144;;;2;1;0;0;1;1;0,526541981;0,874829348;0,864090611;;;;;1;2,691196;0,4706;Normal with Mean = 3.0 and Stdev = 0.428025825003853;-0,006552;0,9756;Normal with Mean = 0.0 and Stdev = 0.2140129125019265;17,182998;0,7;Chi2 with 21.0 degrees of freedom ;0;1;0;0,649545;0,7832;0;1;0;1,248413;0,262;2,373877;0,0327;2,575806;0,0215;22,735821;0,3582;Chi2 with 21.0 degrees of freedom ;;;;0,138499;0,9331;Chi2 with 2.0 degrees of freedom 
RF2630;2012-01-01;2023-12-01;144;;;0;1;1;0;1;1;0,392283904;0,564391255;0,58391236;;;;;6;3,374082;0,3821;Normal with Mean = 3.0 and Stdev = 0.428025825003853;-0,154947;0,4691;Normal with Mean = 0.0 and Stdev = 0.2140129125019265;15,169646;0,8549;Chi2 with 22.0 degrees of freedom ;0;1;0;0,630614;0,8;0;1;0;0,507662;0,8954;0,749166;0,6111;0,91269;0,4879;16,451116;0,7929;Chi2 with 22.0 degrees of freedom ;;;;2,132605;0,3443;Chi2 with 2.0 degrees of freedom 
RF2640;2012-01-01;2023-12-01;144;;;3;1;1;0;1;1;0,795486263;0,886751634;0,887271752;;;;;4;2,800965;0,6419;Normal with Mean = 3.0 and Stdev = 0.428025825003853;0,190632;0,3731;Normal with Mean = 0.0 and Stdev = 0.2140129125019265;16,535773;0,6213;Chi2 with 19.0 degrees of freedom ;0;1;0;0,288683;0,9871;0;1;0;0,60405;0,8227;1,4985;0,1832;1,463778;0,1952;19,454867;0,428;Chi2 with 19.0 degrees of freedom ;;;;0,959169;0,619;Chi2 with 2.0 degrees of freedom 
RF2651;2012-01-01;2023-12-01;144;;;0;1;1;0;1;1;0,215133244;0,734343931;0,789616205;;;;;9;3,026454;0,9507;Normal with Mean = 3.0 and Stdev = 0.428025825003853;0,14908;0,4861;Normal with Mean = 0.0 and Stdev = 0.2140129125019265;19,012981;0,6445;Chi2 with 22.0 degrees of freedom ;0;1;0;0,792986;0,6467;0;1;0;1,066599;0,3932;0,784351;0,5836;0,758791;0,6035;30,010205;0,1182;Chi2 with 22.0 degrees of freedom ;;;;0,69106;0,7078;Chi2 with 2.0 degrees of freedom 
RF2652;2012-01-01;2023-12-01;144;;;0;1;1;0;1;1;0,502539237;1,350115425;1,120384661;;;;;5;3,284467;0,5063;Normal with Mean = 3.0 and Stdev = 0.428025825003853;-0,098033;0,6469;Normal with Mean = 0.0 and Stdev = 0.2140129125019265;81,491477;0;Chi2 with 22.0 degrees of freedom ;0;1;0;0,221239;0,9959;0;1;0;0,242903;0,9938;0,14608;0,9896;0,132178;0,992;27,968677;0,1767;Chi2 with 22.0 degrees of freedom ;;;;1,502204;0,4718;Chi2 with 2.0 degrees of freedom 
RF2660;2012-01-01;2023-12-01;144;;;0;0;0;0;1;1;0,565309714;1,053358363;1,182364946;;;;;6;3,731338;0,0863;Normal with Mean = 3.0 and Stdev = 0.4264014327112209;-0,382453;0,0728;Normal with Mean = 0.0 and Stdev = 0.21320071635561044;20,086826;0,6367;Chi2 with 23.0 degrees of freedom ;6,213086;0,0448;6,213086;0,241089;0,994;3,090972;0,2132;3,090972;0,401839;0,9531;0,276367;0,9472;0,301349;0,9353;19,335334;0,6816;Chi2 with 23.0 degrees of freedom ;;;;5,081269;0,0788;Chi2 with 2.0 degrees of freedom 
RF2670;2012-01-01;2023-12-01;144;;;2;0;1;0;1;1;0,347711686;1,360545325;1,261714439;;;;;12;3,064171;0,8804;Normal with Mean = 3.0 and Stdev = 0.4264014327112209;-0,03945;0,8532;Normal with Mean = 0.0 and Stdev = 0.21320071635561044;31,336858;0,0509;Chi2 with 20.0 degrees of freedom ;0;1;0;0,200366;0,9974;0;1;0;0,228328;0,9953;0,519022;0,7931;0,505238;0,8036;21,666105;0,3589;Chi2 with 20.0 degrees of freedom ;;;;0,439643;0,8027;Chi2 with 2.0 degrees of freedom 
RF2711;2012-01-01;2023-12-01;144;;;0;1;1;0;1;1;0,316365398;0,64032758;0,631054439;;;;;4;2,579834;0,3263;Normal with Mean = 3.0 and Stdev = 0.428025825003853;0,189361;0,3763;Normal with Mean = 0.0 and Stdev = 0.2140129125019265;28,050052;0,174;Chi2 with 22.0 degrees of freedom ;0;1;0;0,380361;0,9617;0;1;0;0,402613;0,9528;0,436251;0,8536;0,507653;0,8017;34,004753;0,0491;Chi2 with 22.0 degrees of freedom ;;;;1,782529;0,4101;Chi2 with 2.0 degrees of freedom 
RF2712;2012-01-01;2023-12-01;144;;;0;1;1;0;1;1;0,360334278;0,894164636;0,932959971;;;;;3;3,807227;0,0593;Normal with Mean = 3.0 and Stdev = 0.428025825003853;-0,496451;0,0204;Normal with Mean = 0.0 and Stdev = 0.2140129125019265;17,249023;0,7495;Chi2 with 22.0 degrees of freedom ;0;1;0;1,16173;0,32;0;1;0;1,125701;0,3465;0,379755;0,8909;0,450318;0,8437;34,587613;0,0428;Chi2 with 22.0 degrees of freedom ;;;;6,194214;0,0452;Chi2 with 2.0 degrees of freedom 
RF2720;2012-01-01;2023-12-01;144;;;0;1;1;0;1;1;0,391433136;1,044701055;1,033956285;;;;;2;3,2767;0,518;Normal with Mean = 3.0 and Stdev = 0.428025825003853;0,299698;0,1614;Normal with Mean = 0.0 and Stdev = 0.2140129125019265;14,575976;0,8798;Chi2 with 22.0 degrees of freedom ;0;1;0;0,287315;0,9873;0;1;0;0,37949;0,962;1,130483;0,3479;1,373965;0,2294;19,588796;0,6087;Chi2 with 22.0 degrees of freedom ;;;;2,441502;0,295;Chi2 with 2.0 degrees of freedom 
RF2731;2012-01-01;2023-12-01;144;;;0;1;1;0;1;1;0,649586893;1,519781302;1,313674901;;;;;3;3,389971;0,3622;Normal with Mean = 3.0 and Stdev = 0.428025825003853;0,244258;0,2537;Normal with Mean = 0.0 and Stdev = 0.2140129125019265;26,152875;0,2452;Chi2 with 22.0 degrees of freedom ;0;1;0;0,18847;0,998;0;1;0;0,321823;0,9799;1,149199;0,3374;1,430622;0,2073;25,887389;0,2565;Chi2 with 22.0 degrees of freedom ;;;;2,530836;0,2821;Chi2 with 2.0 degrees of freedom 
RF2732;2012-01-01;2023-12-01;144;;;0;1;1;0;1;1;0,192417899;0,519733887;0,559523053;;;;;6;3,08941;0,8345;Normal with Mean = 3.0 and Stdev = 0.428025825003853;0,342451;0,1096;Normal with Mean = 0.0 and Stdev = 0.2140129125019265;21,862581;0,4681;Chi2 with 22.0 degrees of freedom ;0;1;0;0,190148;0,9979;0;1;0;0,358654;0,9693;1,238958;0,2903;1,426939;0,2087;22,869573;0,4091;Chi2 with 22.0 degrees of freedom ;;;;2,700658;0,2592;Chi2 with 2.0 degrees of freedom 
RF2733;2012-01-01;2023-12-01;144;;;0;1;1;0;1;1;0,257344689;0,444530799;0,47668042;;;;;9;3,311055;0,4674;Normal with Mean = 3.0 and Stdev = 0.428025825003853;-0,041404;0,8466;Normal with Mean = 0.0 and Stdev = 0.2140129125019265;22,658575;0,4212;Chi2 with 22.0 degrees of freedom ;0;1;0;0,457058;0,9261;0;1;0;0,595491;0,8298;0,468894;0,8304;0,647414;0,6921;24,406285;0,3263;Chi2 with 22.0 degrees of freedom ;;;;1,581938;0,4534;Chi2 with 2.0 degrees of freedom 
RF2740;2012-01-01;2023-12-01;144;;;0;1;1;0;1;1;0,188022361;0,575651532;0,276012957;;;;;21;3,839945;0,0497;Normal with Mean = 3.0 and Stdev = 0.428025825003853;0,207306;0,3327;Normal with Mean = 0.0 and Stdev = 0.2140129125019265;15,990885;0,8163;Chi2 with 22.0 degrees of freedom ;0;1;0;0,615206;0,8133;0;1;0;0,585059;0,8383;0,238613;0,9631;0,153064;0,9882;14,919472;0,8657;Chi2 with 22.0 degrees of freedom ;;;;5,708901;0,0576;Chi2 with 2.0 degrees of freedom 
RF2751;2012-01-01;2023-12-01;144;;;0;1;0;0;1;1;0,274852496;0,449910438;0,457586882;;;;;8;3,027753;0,9483;Normal with Mean = 3.0 and Stdev = 0.428025825003853;0,139214;0,5154;Normal with Mean = 0.0 and Stdev = 0.2140129125019265;19,026338;0,6997;Chi2 with 23.0 degrees of freedom ;0,143999;0,9305;0,143999;0,784855;0,6547;0;1;0;0,711712;0,7256;0,310304;0,9307;0,188641;0,9796;22,883852;0,4676;Chi2 with 23.0 degrees of freedom ;;;;0,642096;0,7254;Chi2 with 2.0 degrees of freedom 
RF2752;2012-01-01;2023-12-01;144;;;0;1;1;0;1;1;0,287738195;0,416955806;0,41726992;;;;;8;3,942717;0,0276;Normal with Mean = 3.0 and Stdev = 0.428025825003853;-0,159438;0,4563;Normal with Mean = 0.0 and Stdev = 0.2140129125019265;16,048427;0,8135;Chi2 with 22.0 degrees of freedom ;0;1;0;0,268898;0,9904;0,361546;0,8346;0,361546;0,388187;0,9587;1,002077;0,4267;0,889294;0,5047;15,816434;0,8249;Chi2 with 22.0 degrees of freedom ;;;;6,761488;0,034;Chi2 with 2.0 degrees of freedom 
RF2790;2012-01-01;2023-12-01;144;;;0;1;1;0;1;1;0,304441518;0,504173499;0,534807953;;;;;4;3,042128;0,9216;Normal with Mean = 3.0 and Stdev = 0.428025825003853;-0,2156;0,3137;Normal with Mean = 0.0 and Stdev = 0.2140129125019265;17,289776;0,7472;Chi2 with 22.0 degrees of freedom ;0;1;0;0,137224;0,9996;0;1;0;0,168887;0,9988;0,913743;0,4871;1,130053;0,3482;22,551228;0,4274;Chi2 with 22.0 degrees of freedom ;;;;1,177203;0,5551;Chi2 with 2.0 degrees of freedom 
RF2811;2012-01-01;2023-12-01;144;;;2;1;0;1;1;1;0,571959588;0,80989109;0,85344819;;;;;13;3,399088;0,3511;Normal with Mean = 3.0 and Stdev = 0.428025825003853;0,341844;0,1102;Normal with Mean = 0.0 and Stdev = 0.2140129125019265;26,810018;0,1407;Chi2 with 20.0 degrees of freedom ;1,064666;0,5872;1,064666;0,325021;0,9791;0,992884;0,6087;0,992884;0,425109;0,9426;0,938964;0,4694;1,004715;0,4249;16,788297;0,6667;Chi2 with 20.0 degrees of freedom ;;;;3,210778;0,2008;Chi2 with 2.0 degrees of freedom 
RF2812;2012-01-01;2023-12-01;144;;;0;1;1;0;1;1;0,332425692;0,468549377;0,454653814;;;;;5;2,987552;0,9768;Normal with Mean = 3.0 and Stdev = 0.428025825003853;0,346398;0,1055;Normal with Mean = 0.0 and Stdev = 0.2140129125019265;14,465539;0,8841;Chi2 with 22.0 degrees of freedom ;0,144712;0,9302;0,144712;0,352995;0,9712;0,108599;0,9471;0,108599;0,6334;0,7975;0,637723;0,6999;0,632855;0,7038;16,984328;0,7642;Chi2 with 22.0 degrees of freedom ;;;;2,886795;0,2361;Chi2 with 2.0 degrees of freedom 
RF2813;2012-01-01;2023-12-01;144;;;0;1;1;0;1;1;0,573947717;0,917987014;0,888064844;;;;;5;2,643998;0,4056;Normal with Mean = 3.0 and Stdev = 0.428025825003853;0,050702;0,8127;Normal with Mean = 0.0 and Stdev = 0.2140129125019265;16,242569;0,8037;Chi2 with 22.0 degrees of freedom ;0;1;0;0,250738;0,9929;0;1;0;0,344555;0,9737;0,297351;0,9373;0,328958;0,9208;35,136513;0,0375;Chi2 with 22.0 degrees of freedom ;;;;0,340528;0,8434;Chi2 with 2.0 degrees of freedom 
RF2814;2012-01-01;2023-12-01;144;;;2;1;0;0;1;1;0,411415912;0,555813436;0,592481368;;;;;5;3,515809;0,2282;Normal with Mean = 3.0 and Stdev = 0.428025825003853;0,018638;0,9306;Normal with Mean = 0.0 and Stdev = 0.2140129125019265;26,933059;0,1731;Chi2 with 21.0 degrees of freedom ;0;1;0;0,330488;0,9777;0;1;0;0,656994;0,7765;0,547933;0,7709;0,55568;0,7649;18,837809;0,5955;Chi2 with 21.0 degrees of freedom ;;;;2,970435;0,2265;Chi2 with 2.0 degrees of freedom 
RF2815;2012-01-01;2023-12-01;144;;;0;1;1;0;1;1;0,236042682;0,440440984;0,475251387;;;;;5;3,813417;0,0574;Normal with Mean = 3.0 and Stdev = 0.428025825003853;0,46131;0,0311;Normal with Mean = 0.0 and Stdev = 0.2140129125019265;13,259866;0,9257;Chi2 with 22.0 degrees of freedom ;0;1;0;0,311552;0,9824;0;1;0;0,531443;0,879;0,663509;0,6792;0,667457;0,6761;21,06985;0,5164;Chi2 with 22.0 degrees of freedom ;;;;5,938648;0,0513;Chi2 with 2.0 degrees of freedom 
RF2821;2012-01-01;2023-12-01;144;;;0;1;1;0;1;1;1,165174835;1,705173653;1,545516691;;;;;1;3,512457;0,2312;Normal with Mean = 3.0 and Stdev = 0.428025825003853;-0,249907;0,2429;Normal with Mean = 0.0 and Stdev = 0.2140129125019265;15,505764;0,8396;Chi2 with 22.0 degrees of freedom ;0;1;0;0,199117;0,9974;0;1;0;0,230726;0,995;1,567562;0,1612;1,888891;0,087;25,005663;0,2968;Chi2 with 22.0 degrees of freedom ;;;;3,237106;0,1982;Chi2 with 2.0 degrees of freedom 
RF2822;2012-01-01;2023-12-01;144;;;0;1;1;0;1;1;0,200040454;0,452756673;0,487099719;;;;;5;3,37602;0,3797;Normal with Mean = 3.0 and Stdev = 0.428025825003853;0,004455;0,9834;Normal with Mean = 0.0 and Stdev = 0.2140129125019265;25,955607;0,2536;Chi2 with 22.0 degrees of freedom ;0;1;0;0,765556;0,6736;0;1;0;0,750538;0,6882;1,127006;0,3499;1,266774;0,2768;19,73274;0,5998;Chi2 with 22.0 degrees of freedom ;;;;1,972742;0,3729;Chi2 with 2.0 degrees of freedom 
RF2823;2012-01-01;2023-12-01;144;;;0;1;1;1;0;0;1,206679877;1,81776439;1,671645382;;;;;3;2,708963;0,4774;Normal with Mean = 3.0 and Stdev = 0.40967324519935133;-0,02677;0,896;Normal with Mean = 0.0 and Stdev = 0.20483662259967567;35,354529;0,0356;Chi2 with 22.0 degrees of freedom ;0;1;0;0,169773;0,9988;0;1;0;0,211935;0,9966;2,549178;0,0227;2,911521;0,0106;20,238277;0,5681;Chi2 with 22.0 degrees of freedom ;;;;0,157378;0,9243;Chi2 with 2.0 degrees of freedom 
RF2825;2012-01-01;2023-12-01;144;;;0;1;1;0;1;1;0,307195849;0,654762736;0,672344428;;;;;2;2,613079;0,366;Normal with Mean = 3.0 and Stdev = 0.428025825003853;0,073991;0,7295;Normal with Mean = 0.0 and Stdev = 0.2140129125019265;14,488931;0,8832;Chi2 with 22.0 degrees of freedom ;0;1;0;0,414402;0,9476;0;1;0;0,729012;0,7091;2,012486;0,0681;1,865434;0,0911;29,766853;0,1242;Chi2 with 22.0 degrees of freedom ;;;;0,543143;0,7622;Chi2 with 2.0 degrees of freedom 
RF2829;2012-01-01;2023-12-01;144;;;1;0;1;0;1;1;0,340813366;0,989687669;0,989696127;;;;;4;2,948854;0,9045;Normal with Mean = 3.0 and Stdev = 0.4264014327112209;-0,036838;0,8628;Normal with Mean = 0.0 and Stdev = 0.21320071635561044;16,472517;0,7425;Chi2 with 21.0 degrees of freedom ;0;1;0;0,534264;0,877;0;1;0;0,482649;0,9113;0,471482;0,8285;0,469175;0,8302;20,660717;0,4798;Chi2 with 21.0 degrees of freedom ;;;;0,144576;0,9303;Chi2 with 2.0 degrees of freedom 
RF2830;2012-01-01;2023-12-01;144;;;0;1;1;0;1;1;0,184265596;0,293073805;0,311057603;;;;;5;3,478241;0,2639;Normal with Mean = 3.0 and Stdev = 0.428025825003853;0,200651;0,3485;Normal with Mean = 0.0 and Stdev = 0.2140129125019265;28,892111;0,148;Chi2 with 22.0 degrees of freedom ;0;1;0;0,678268;0,757;0;1;0;0,53089;0,8794;0,171875;0,984;0,148356;0,9891;23,624227;0,3672;Chi2 with 22.0 degrees of freedom ;;;;2,884225;0,2364;Chi2 with 2.0 degrees of freedom 
RF2841;2012-01-01;2023-12-01;144;;;0;1;1;0;1;1;0,548836999;1,063916186;0,995736764;;;;;6;3,052346;0,9027;Normal with Mean = 3.0 and Stdev = 0.428025825003853;-0,191992;0,3697;Normal with Mean = 0.0 and Stdev = 0.2140129125019265;22,968501;0,4035;Chi2 with 22.0 degrees of freedom ;0;1;0;0,389095;0,9583;0;1;0;0,293309;0,9862;0,632031;0,7044;0,66464;0,6783;18,8879;0,6522;Chi2 with 22.0 degrees of freedom ;;;;1,012163;0,6029;Chi2 with 2.0 degrees of freedom 
RF2891;2012-01-01;2023-12-01;144;;;0;1;1;0;1;1;1,073869705;1,557398571;1,484712137;;;;;1;3,377621;0,3776;Normal with Mean = 3.0 and Stdev = 0.428025825003853;0,408095;0,0565;Normal with Mean = 0.0 and Stdev = 0.2140129125019265;24,603215;0,3164;Chi2 with 22.0 degrees of freedom ;0;1;0;0,179735;0,9984;0;1;0;0,197414;0,9975;0,15864;0,987;0,212534;0,9723;23,252875;0,3876;Chi2 with 22.0 degrees of freedom ;;;;3,886006;0,1433;Chi2 with 2.0 degrees of freedom 
RF2892;2012-01-01;2023-12-01;144;;;0;1;1;0;1;1;0,436676771;0,927482006;0,931938017;;;;;3;3,490981;0,2513;Normal with Mean = 3.0 and Stdev = 0.428025825003853;-0,172798;0,4194;Normal with Mean = 0.0 and Stdev = 0.2140129125019265;9,243293;0,992;Chi2 with 22.0 degrees of freedom ;0;1;0;0,74321;0,6953;0;1;0;0,677795;0,7575;1,845939;0,0947;1,70719;0,1238;15,101968;0,8578;Chi2 with 22.0 degrees of freedom ;;;;2,909503;0,2335;Chi2 with 2.0 degrees of freedom 
RF2893;2012-01-01;2023-12-01;144;;;0;1;1;0;1;1;0,249206024;0,594201109;0,613711533;;;;;3;2,916837;0,8459;Normal with Mean = 3.0 and Stdev = 0.428025825003853;-0,284613;0,1836;Normal with Mean = 0.0 and Stdev = 0.2140129125019265;18,287816;0,6888;Chi2 with 22.0 degrees of freedom ;0;1;0;0,60883;0,8187;0;1;0;0,509567;0,8941;1,124621;0,3513;1,320405;0,2522;22,837687;0,4109;Chi2 with 22.0 degrees of freedom ;;;;1,97459;0,3726;Chi2 with 2.0 degrees of freedom 
RF2894;2012-01-01;2023-12-01;144;;;0;1;1;0;1;1;0,486907796;0,66817929;0,661079241;;;;;3;3,105662;0,805;Normal with Mean = 3.0 and Stdev = 0.428025825003853;-0,022221;0,9173;Normal with Mean = 0.0 and Stdev = 0.2140129125019265;13,639313;0,9138;Chi2 with 22.0 degrees of freedom ;0;1;0;0,170574;0,9987;0;1;0;0,192191;0,9978;1,028324;0,4097;1,104726;0,3628;34,080538;0,0482;Chi2 with 22.0 degrees of freedom ;;;;0,570601;0,7518;Chi2 with 2.0 degrees of freedom 
RF2895;2012-01-01;2023-12-01;144;;;0;0;0;0;1;1;0,565441163;1,438931063;1,301288105;;;;;1;3,185012;0,6644;Normal with Mean = 3.0 and Stdev = 0.4264014327112209;-0,26046;0,2218;Normal with Mean = 0.0 and Stdev = 0.21320071635561044;36,757625;0,0345;Chi2 with 23.0 degrees of freedom ;0;1;0;0,736126;0,7022;0;1;0;0,850043;0,5907;0,436735;0,8532;0,524991;0,7886;19,632463;0,664;Chi2 with 23.0 degrees of freedom ;;;;1,856539;0,3952;Chi2 with 2.0 degrees of freedom 
RF2896;2012-01-01;2023-12-01;144;;;0;1;1;0;0;0;1,218426942;1,893712355;1,756980174;;;;;1;3,082627;0,8402;Normal with Mean = 3.0 and Stdev = 0.40967324519935133;0,583972;0,0044;Normal with Mean = 0.0 and Stdev = 0.20483662259967567;23,137732;0,4528;Chi2 with 23.0 degrees of freedom ;0;1;0;0,6412;0,7907;0;1;0;0,869016;0,5723;0,840745;0,5406;0,956337;0,4574;30,122952;0,1459;Chi2 with 23.0 degrees of freedom ;;;;10,765893;0,0046;Chi2 with 2.0 degrees of freedom 
RF2899;2012-01-01;2023-12-01;144;;;0;1;1;0;1;1;0,262977704;0,43405339;0,445467237;;;;;5;2,72179;0,5157;Normal with Mean = 3.0 and Stdev = 0.428025825003853;0,060465;0,7775;Normal with Mean = 0.0 and Stdev = 0.2140129125019265;16,359488;0,7977;Chi2 with 22.0 degrees of freedom ;0;1;0;0,111107;0,9998;0;1;0;0,165397;0,9989;1,498366;0,1832;1,49474;0,1845;20,239573;0,5681;Chi2 with 22.0 degrees of freedom ;;;;0,18265;0,9127;Chi2 with 2.0 degrees of freedom 
RF2910;2012-01-01;2023-12-01;144;;;0;1;1;0;1;1;0,147798253;0,561106285;0,259669983;;;;;9;3,42185;0,3243;Normal with Mean = 3.0 and Stdev = 0.428025825003853;0,354973;0,0972;Normal with Mean = 0.0 and Stdev = 0.2140129125019265;18,66525;0,6659;Chi2 with 22.0 degrees of freedom ;0;1;0;0,334556;0,9766;0;1;0;0,313997;0,9818;0,323422;0,9238;0,477962;0,8238;16,866355;0,7707;Chi2 with 22.0 degrees of freedom ;;;;3,407445;0,182;Chi2 with 2.0 degrees of freedom 
RF2920;2012-01-01;2023-12-01;144;;;0;1;1;0;1;1;0,135330749;0,258187098;0,278021645;;;;;6;3,403506;0,3458;Normal with Mean = 3.0 and Stdev = 0.428025825003853;0,024646;0,9083;Normal with Mean = 0.0 and Stdev = 0.2140129125019265;11,382739;0,9689;Chi2 with 22.0 degrees of freedom ;0;1;0;0,259685;0,9917;0;1;0;0,371397;0,965;0,897285;0,4989;0,988256;0,4358;24,257787;0,3339;Chi2 with 22.0 degrees of freedom ;;;;2,158893;0,3398;Chi2 with 2.0 degrees of freedom 
RF2931;2012-01-01;2023-12-01;144;;;2;1;0;0;1;1;0,219670974;0,477716701;0,479760168;;;;;5;3,142829;0,7386;Normal with Mean = 3.0 and Stdev = 0.428025825003853;0,084797;0,6919;Normal with Mean = 0.0 and Stdev = 0.2140129125019265;11,32114;0,9562;Chi2 with 21.0 degrees of freedom ;0;1;0;0,3114;0,9824;0;1;0;0,384955;0,96;0,752654;0,6084;0,911526;0,4887;22,634788;0,3638;Chi2 with 21.0 degrees of freedom ;;;;0,807717;0,6677;Chi2 with 2.0 degrees of freedom 
RF2932;2012-01-01;2023-12-01;144;;;0;1;1;0;1;1;0,170178438;0,637886127;0,345939469;;;;;8;2,692028;0,4718;Normal with Mean = 3.0 and Stdev = 0.428025825003853;0,12586;0,5565;Normal with Mean = 0.0 and Stdev = 0.2140129125019265;14,965789;0,8637;Chi2 with 22.0 degrees of freedom ;0;1;0;0,265477;0,9909;0;1;0;0,33457;0,9766;0,745197;0,6142;0,560071;0,7614;18,860477;0,6539;Chi2 with 22.0 degrees of freedom ;;;;0,610569;0,7369;Chi2 with 2.0 degrees of freedom 
RF3011;2012-01-01;2023-12-01;144;;;0;1;1;0;1;1;0,282935208;0,695165064;0,730636851;;;;;3;2,989184;0,9798;Normal with Mean = 3.0 and Stdev = 0.428025825003853;0,323946;0,1301;Normal with Mean = 0.0 and Stdev = 0.2140129125019265;19,727272;0,6001;Chi2 with 22.0 degrees of freedom ;0,980789;0,6124;0,980789;0,885158;0,5567;1,175999;0,5554;1,175999;1,024959;0,4282;0,321415;0,9249;0,34341;0,9127;15,366588;0,846;Chi2 with 22.0 degrees of freedom ;;;;2,489432;0,288;Chi2 with 2.0 degrees of freedom 
RF3012;2012-01-01;2023-12-01;144;;;0;1;1;0;1;1;0,139378521;0,204513545;0,228396297;;;;;11;3,283882;0,5072;Normal with Mean = 3.0 and Stdev = 0.428025825003853;-0,176433;0,4097;Normal with Mean = 0.0 and Stdev = 0.2140129125019265;17,847067;0,715;Chi2 with 22.0 degrees of freedom ;4,737207;0,0936;4,737207;0,66381;0,7703;10,077579;0,0065;10,077579;0,801853;0,638;0,955177;0,4582;0,782321;0,5852;19,605202;0,6077;Chi2 with 22.0 degrees of freedom ;;;;1,718287;0,4235;Chi2 with 2.0 degrees of freedom 
RF3020;2012-01-01;2023-12-01;144;;;0;1;1;0;1;1;0,122797354;0,325060768;0,356773246;;;;;4;3,713854;0,0954;Normal with Mean = 3.0 and Stdev = 0.428025825003853;-0,148003;0,4892;Normal with Mean = 0.0 and Stdev = 0.2140129125019265;18,868393;0,6534;Chi2 with 22.0 degrees of freedom ;0;1;0;0,31538;0,9815;0;1;0;0,557831;0,8596;1,082077;0,3763;1,093228;0,3696;25,11473;0,2916;Chi2 with 22.0 degrees of freedom ;;;;4,619182;0,0993;Chi2 with 2.0 degrees of freedom 
RF3030;2012-01-01;2023-12-01;144;;;0;1;1;0;1;1;0,360129035;1,042399055;1,019767026;;;;;2;2,75097;0,5607;Normal with Mean = 3.0 and Stdev = 0.428025825003853;0,064248;0,764;Normal with Mean = 0.0 and Stdev = 0.2140129125019265;17,372292;0,7425;Chi2 with 22.0 degrees of freedom ;0;1;0;0,502713;0,8986;0;1;0;0,482914;0,9111;0,301889;0,935;0,264624;0,9525;21,332242;0,5003;Chi2 with 22.0 degrees of freedom ;;;;0,150963;0,9273;Chi2 with 2.0 degrees of freedom 
RF3091;2012-01-01;2023-12-01;144;;;0;1;1;0;1;1;0,5659695;0,576364586;0,629606066;;;;;10;3,041931;0,922;Normal with Mean = 3.0 and Stdev = 0.428025825003853;0,016529;0,9384;Normal with Mean = 0.0 and Stdev = 0.2140129125019265;26,49536;0,231;Chi2 with 22.0 degrees of freedom ;0,398807;0,8192;0,398807;0,617442;0,8114;1,65451;0,4372;1,65451;0,839679;0,6009;0,509491;0,8004;0,557533;0,7634;22,912007;0,4067;Chi2 with 22.0 degrees of freedom ;;;;0,350813;0,8391;Chi2 with 2.0 degrees of freedom 
RF3092;2012-01-01;2023-12-01;144;;;1;0;2;0;1;1;0,344495503;0,987818959;0,739122426;;;;;4;3,276352;0,5169;Normal with Mean = 3.0 and Stdev = 0.4264014327112209;-0,067314;0,7522;Normal with Mean = 0.0 and Stdev = 0.21320071635561044;27,909451;0,1116;Chi2 with 20.0 degrees of freedom ;0;1;0;0,252278;0,9927;0;1;0;0,27739;0,9891;2,435359;0,0287;2,247895;0,0423;20,400847;0,4331;Chi2 with 20.0 degrees of freedom ;;;;1,411371;0,4938;Chi2 with 2.0 degrees of freedom 
RF3101;2012-01-01;2023-12-01;144;;;1;0;2;0;1;1;0,248862203;0,88025696;0,618266247;;;;;7;2,801602;0,6417;Normal with Mean = 3.0 and Stdev = 0.4264014327112209;-0,031471;0,8826;Normal with Mean = 0.0 and Stdev = 0.21320071635561044;23,09544;0,2841;Chi2 with 20.0 degrees of freedom ;0;1;0;0,467707;0,9201;0;1;0;0,433976;0,9383;0,555728;0,7648;0,626002;0,7092;21,677537;0,3583;Chi2 with 20.0 degrees of freedom ;;;;0,028337;0,9859;Chi2 with 2.0 degrees of freedom 
RF3102;2012-01-01;2023-12-01;144;;;0;1;1;0;1;1;0,167954091;0,730610726;0,797232268;;;;;11;3,628542;0,142;Normal with Mean = 3.0 and Stdev = 0.428025825003853;0,094168;0,6599;Normal with Mean = 0.0 and Stdev = 0.2140129125019265;40,269546;0,0101;Chi2 with 22.0 degrees of freedom ;0;1;0;0,241041;0,994;0;1;0;0,347414;0,9729;0,311027;0,9303;0,344526;0,912;13,126184;0,9296;Chi2 with 22.0 degrees of freedom ;;;;3,891578;0,1429;Chi2 with 2.0 degrees of freedom 
RF3103;2012-01-01;2023-12-01;144;;;0;1;1;0;1;1;0,463035266;1,387236905;1,162674955;;;;;3;3,553285;0,1961;Normal with Mean = 3.0 and Stdev = 0.428025825003853;0,034525;0,8718;Normal with Mean = 0.0 and Stdev = 0.2140129125019265;24,943374;0,2998;Chi2 with 22.0 degrees of freedom ;0;1;0;0,103741;0,9999;0;1;0;0,260879;0,9915;1,284447;0,2685;1,377451;0,228;21,872532;0,4675;Chi2 with 22.0 degrees of freedom ;;;;3,266301;0,1953;Chi2 with 2.0 degrees of freedom 
RF3109;2012-01-01;2023-12-01;144;;;0;1;1;0;1;1;0,201918864;0,729996017;0,449433727;;;;;4;3,040371;0,9249;Normal with Mean = 3.0 and Stdev = 0.428025825003853;-0,050477;0,8135;Normal with Mean = 0.0 and Stdev = 0.2140129125019265;13,69208;0,912;Chi2 with 22.0 degrees of freedom ;0;1;0;0,185412;0,9981;0;1;0;0,362752;0,968;0,809012;0,5646;0,959331;0,4553;23,290767;0,3855;Chi2 with 22.0 degrees of freedom ;;;;0,38349;0,8255;Chi2 with 2.0 degrees of freedom 
RF3212;2012-01-01;2023-12-01;144;;;1;0;1;0;1;1;0,333954156;1,163092083;0,93605852;;;;;13;2,411855;0,1678;Normal with Mean = 3.0 and Stdev = 0.4264014327112209;0,001826;0,9932;Normal with Mean = 0.0 and Stdev = 0.21320071635561044;18,814829;0,597;Chi2 with 21.0 degrees of freedom ;0,041895;0,9793;0,041895;0,162108;0,999;0;1;0;0,16993;0,9988;1,620569;0,146;1,602139;0,1511;11,385131;0,9548;Chi2 with 21.0 degrees of freedom ;;;;1,540814;0,4628;Chi2 with 2.0 degrees of freedom 
RF3250;2012-01-01;2023-12-01;144;;;0;1;1;0;1;1;0,162272644;0,330929599;0,356789566;;;;;3;3,32069;0,4537;Normal with Mean = 3.0 and Stdev = 0.428025825003853;-0,080224;0,7078;Normal with Mean = 0.0 and Stdev = 0.2140129125019265;17,588255;0,7301;Chi2 with 22.0 degrees of freedom ;0;1;0;0,480744;0,9124;0;1;0;0,431071;0,9397;0,983888;0,4387;1,147722;0,3382;10,678698;0,979;Chi2 with 22.0 degrees of freedom ;;;;1,677631;0,4322;Chi2 with 2.0 degrees of freedom 
RF3299;2012-01-01;2023-12-01;144;;;0;1;1;0;1;1;0,29928894;0,819985858;0,85260667;;;;;2;3,144864;0,735;Normal with Mean = 3.0 and Stdev = 0.428025825003853;-0,09085;0,6712;Normal with Mean = 0.0 and Stdev = 0.2140129125019265;26,867865;0,2163;Chi2 with 22.0 degrees of freedom ;0,357974;0,8361;0,357974;0,253543;0,9925;0;1;0;0,249896;0,993;0,237434;0,9635;0,254291;0,9568;20,905736;0,5266;Chi2 with 22.0 degrees of freedom ;;;;0,830211;0,6603;Chi2 with 2.0 degrees of freedom 
RF3311;2012-01-01;2023-12-01;144;;;1;0;0;1;1;1;0,470403815;1,016308252;0,949954485;;;;;8;2,976455;0,956;Normal with Mean = 3.0 and Stdev = 0.4264014327112209;-0,005808;0,9783;Normal with Mean = 0.0 and Stdev = 0.21320071635561044;57,685612;0;Chi2 with 21.0 degrees of freedom ;0;1;0;0,272078;0,9899;0;1;0;0,294446;0,986;0,48309;0,8201;0,618545;0,7152;13,867446;0,8752;Chi2 with 21.0 degrees of freedom ;;;;0,174057;0,9167;Chi2 with 2.0 degrees of freedom 
RF3312;2012-01-01;2023-12-01;144;;;0;1;1;0;1;1;0,225775397;0,491324737;0,509021902;;;;;3;3,012004;0,9776;Normal with Mean = 3.0 and Stdev = 0.428025825003853;0,201295;0,3469;Normal with Mean = 0.0 and Stdev = 0.2140129125019265;34,957277;0,0391;Chi2 with 22.0 degrees of freedom ;0;1;0;0,20171;0,9973;0;1;0;0,218766;0,9961;0,620515;0,7136;0,78444;0,5835;18,578508;0,6712;Chi2 with 22.0 degrees of freedom ;;;;1,017977;0,6011;Chi2 with 2.0 degrees of freedom 
RF3313;2012-01-01;2023-12-01;144;;;1;0;1;1;1;1;0,398021944;0,570346215;0,561782039;;;;;12;2,840366;0,7081;Normal with Mean = 3.0 and Stdev = 0.4264014327112209;0,176111;0,4088;Normal with Mean = 0.0 and Stdev = 0.21320071635561044;27,208493;0,1295;Chi2 with 20.0 degrees of freedom ;2,786855;0,2482;2,786855;0,536124;0,8757;3,375614;0,1849;3,375614;0,40295;0,9526;1,378725;0,2275;1,538148;0,1703;25,525647;0,1821;Chi2 with 20.0 degrees of freedom ;;;;0,77069;0,6802;Chi2 with 2.0 degrees of freedom 
RF3314;2012-01-01;2023-12-01;144;;;0;0;0;0;1;1;0,355931638;1,060361954;1,041637694;;;;;12;3,761911;0,074;Normal with Mean = 3.0 and Stdev = 0.4264014327112209;-0,060712;0,7758;Normal with Mean = 0.0 and Stdev = 0.21320071635561044;32,887972;0,083;Chi2 with 23.0 degrees of freedom ;0;1;0;0,308629;0,983;0;1;0;0,216883;0,9962;0,648298;0,6914;0,671543;0,6728;19,035868;0,6991;Chi2 with 23.0 degrees of freedom ;;;;5,099868;0,0781;Chi2 with 2.0 degrees of freedom 
RF3315;2012-01-01;2023-12-01;144;;;0;0;0;0;1;1;0,332309135;1,08760857;1,070293908;;;;;4;2,972788;0,9491;Normal with Mean = 3.0 and Stdev = 0.4264014327112209;0,439561;0,0392;Normal with Mean = 0.0 and Stdev = 0.21320071635561044;26,12854;0,2948;Chi2 with 23.0 degrees of freedom ;0,037062;0,9816;0,037062;0,295517;0,9858;0;1;0;0,407296;0,9508;1,278206;0,2714;1,433279;0,2063;33,562353;0,0718;Chi2 with 23.0 degrees of freedom ;;;;5,175975;0,0752;Chi2 with 2.0 degrees of freedom 
RF3316;2012-01-01;2023-12-01;144;;;0;1;1;0;1;1;0,307669712;0,778732672;0,504194014;;;;;8;3,064831;0,8796;Normal with Mean = 3.0 and Stdev = 0.428025825003853;0,015452;0,9424;Normal with Mean = 0.0 and Stdev = 0.2140129125019265;28,893706;0,1479;Chi2 with 22.0 degrees of freedom ;1,020341;0,6004;1,020341;0,568281;0,8516;0,427911;0,8074;0,427911;0,575187;0,8462;0,640104;0,698;0,635195;0,7019;26,29299;0,2393;Chi2 with 22.0 degrees of freedom ;;;;0,42256;0,8095;Chi2 with 2.0 degrees of freedom 
RF3320;2012-01-01;2023-12-01;144;;;0;1;1;0;1;1;0,174703711;0,396075014;0,416652267;;;;;12;2,956679;0,9194;Normal with Mean = 3.0 and Stdev = 0.428025825003853;-0,153602;0,4729;Normal with Mean = 0.0 and Stdev = 0.2140129125019265;17,506928;0,7348;Chi2 with 22.0 degrees of freedom ;0;1;0;0,580601;0,8419;0;1;0;0,573848;0,8472;0,44568;0,847;0,514816;0,7963;13,910091;0,9046;Chi2 with 22.0 degrees of freedom ;;;;0,605879;0,7386;Chi2 with 2.0 degrees of freedom 
RF3511;2012-01-01;2023-12-01;144;;;0;1;0;0;1;1;0,092390029;0,28220907;0,304316534;;;;;10;2,946717;0,9009;Normal with Mean = 3.0 and Stdev = 0.428025825003853;-0,044814;0,8341;Normal with Mean = 0.0 and Stdev = 0.2140129125019265;19,687623;0,6607;Chi2 with 23.0 degrees of freedom ;0;1;0;0,315221;0,9815;0;1;0;0,33293;0,977;1,847796;0,0943;1,535929;0,171;15,917874;0,8588;Chi2 with 23.0 degrees of freedom ;;;;0,154796;0,9255;Chi2 with 2.0 degrees of freedom 
RF3512;2012-01-01;2023-12-01;144;;;2;1;1;0;1;1;0,220889094;0,904525707;0,612750806;;;;;47;3,69074;0,1066;Normal with Mean = 3.0 and Stdev = 0.428025825003853;0,415206;0,0524;Normal with Mean = 0.0 and Stdev = 0.2140129125019265;30,547931;0,0614;Chi2 with 20.0 degrees of freedom ;12,530808;0,0019;12,530808;0,57467;0,8466;10,714765;0,0047;10,714765;0,544233;0,8698;3,389096;0,0038;3,06338;0,0076;30,51198;0,062;Chi2 with 20.0 degrees of freedom ;;;;5,020901;0,0812;Chi2 with 2.0 degrees of freedom 
RF3513;2012-01-01;2023-12-01;144;;;0;0;1;0;1;1;0,118180659;0,694893775;0,771568448;;;;;7;3,726118;0,0886;Normal with Mean = 3.0 and Stdev = 0.4264014327112209;0,316884;0,1372;Normal with Mean = 0.0 and Stdev = 0.21320071635561044;115,707297;0;Chi2 with 22.0 degrees of freedom ;0;1;0;0,163381;0,999;0;1;0;0,238339;0,9943;1,475995;0,1909;1,672482;0,1323;22,353224;0,439;Chi2 with 22.0 degrees of freedom ;;;;4,838726;0,089;Chi2 with 2.0 degrees of freedom 
RF3514;2012-01-01;2023-12-01;144;;;0;0;1;0;1;1;0,118180686;0,694893034;0,771567654;;;;;7;3,726182;0,0886;Normal with Mean = 3.0 and Stdev = 0.4264014327112209;0,31689;0,1372;Normal with Mean = 0.0 and Stdev = 0.21320071635561044;115,699211;0;Chi2 with 22.0 degrees of freedom ;0;1;0;0,163377;0,999;0;1;0;0,238338;0,9943;1,476015;0,1909;1,672504;0,1323;22,351972;0,4391;Chi2 with 22.0 degrees of freedom ;;;;4,839186;0,089;Chi2 with 2.0 degrees of freedom 
RF3522;2012-01-01;2023-12-01;144;;;1;0;0;0;1;1;0,106343902;0,593976582;0,658450619;;;;;5;2,694403;0,4736;Normal with Mean = 3.0 and Stdev = 0.4264014327112209;-0,213313;0,3171;Normal with Mean = 0.0 and Stdev = 0.21320071635561044;29,311448;0,1362;Chi2 with 22.0 degrees of freedom ;0;1;0;0,218409;0,9961;0;1;0;0,359394;0,9691;1,801941;0,1032;2,201456;0,0465;11,985463;0,9577;Chi2 with 22.0 degrees of freedom ;;;;1,56164;0,458;Chi2 with 2.0 degrees of freedom 
RF3523;2012-01-01;2023-12-01;144;;;1;0;0;0;1;1;0,101863793;0,578426786;0,643713016;;;;;6;2,795345;0,6313;Normal with Mean = 3.0 and Stdev = 0.4264014327112209;-0,193544;0,364;Normal with Mean = 0.0 and Stdev = 0.21320071635561044;27,368747;0,1976;Chi2 with 22.0 degrees of freedom ;0;1;0;0,17631;0,9985;0;1;0;0,232381;0,9949;1,557569;0,1642;1,770413;0,1097;11,755536;0,9622;Chi2 with 22.0 degrees of freedom ;;;;1,009882;0,6035;Chi2 with 2.0 degrees of freedom 
RF3600;2012-01-01;2023-12-01;144;;;1;0;0;0;1;1;0,195564231;0,6345417;0,686058346;;;;;6;3,391513;0,3585;Normal with Mean = 3.0 and Stdev = 0.4264014327112209;-0,34573;0,1049;Normal with Mean = 0.0 and Stdev = 0.21320071635561044;19,360801;0,623;Chi2 with 22.0 degrees of freedom ;0;1;0;0,970534;0,4765;0;1;0;0,768453;0,6708;0,332229;0,919;0,349683;0,9091;26,657254;0,2245;Chi2 with 22.0 degrees of freedom ;;;;3,236085;0,1983;Chi2 with 2.0 degrees of freedom 
E4100Y1;2012-01-01;2023-12-01;144;;;0;1;1;0;1;1;0,110046457;0,357868357;0,380090937;;;;;10;2,846096;0,7192;Normal with Mean = 3.0 and Stdev = 0.428025825003853;0,323087;0,1311;Normal with Mean = 0.0 and Stdev = 0.2140129125019265;21,343343;0,4996;Chi2 with 22.0 degrees of freedom ;0;1;0;0,377888;0,9626;0;1;0;0,403775;0,9523;2,166616;0,0499;2,643635;0,0186;24,174855;0,3381;Chi2 with 22.0 degrees of freedom ;;;;2,841408;0,2415;Chi2 with 2.0 degrees of freedom 
E4200Y1;2012-01-01;2023-12-01;144;;;0;1;1;0;1;1;0,19646548;0,496174702;0,501371583;;;;;7;3,566929;0,1853;Normal with Mean = 3.0 and Stdev = 0.428025825003853;-0,320827;0,1338;Normal with Mean = 0.0 and Stdev = 0.2140129125019265;22,014663;0,459;Chi2 with 22.0 degrees of freedom ;0;1;0;0,36529;0,9671;0;1;0;0,609288;0,8183;1,039135;0,4028;1,151561;0,3361;24,18113;0,3378;Chi2 with 22.0 degrees of freedom ;;;;3,834881;0,147;Chi2 with 2.0 degrees of freedom 
RF3230;2012-01-01;2023-12-01;144;;;1;0;0;0;1;1;0,257420491;0,426922867;0,457524847;;;;;5;4,324096;0,0019;Normal with Mean = 3.0 and Stdev = 0.4264014327112209;0,482468;0,0236;Normal with Mean = 0.0 and Stdev = 0.21320071635561044;16,158119;0,808;Chi2 with 22.0 degrees of freedom ;0;1;0;0,583984;0,8392;0,132356;0,936;0,132356;0,699145;0,7375;0,264524;0,9525;0,42532;0,8611;24,587816;0,3172;Chi2 with 22.0 degrees of freedom ;;;;9,460975;0,0088;Chi2 with 2.0 degrees of freedom 
E4300Y1;2012-01-01;2023-12-01;144;;;0;1;1;0;1;1;0,122775725;0,430554424;0,475328116;;;;;4;2,565755;0,3103;Normal with Mean = 3.0 and Stdev = 0.428025825003853;-0,0267;0,9007;Normal with Mean = 0.0 and Stdev = 0.2140129125019265;13,319857;0,9239;Chi2 with 22.0 degrees of freedom ;1,680701;0,4316;1,680701;0,582213;0,8406;0,416032;0,8122;0,416032;0,72667;0,7113;2,14788;0,0519;2,2486;0,0422;17,388418;0,7416;Chi2 with 22.0 degrees of freedom ;;;;0,580893;0,7479;Chi2 with 2.0 degrees of freedom 
